Name,Symbol,Date,High,Low,Open,Close,Volume,Marketcap
Bitcoin,BTC,01-01-2018,14112.2,13154.7,14112.2,13657.2,10291200000,2.29E+11
Bitcoin,BTC,02-01-2018,15444.6,13163.6,13625,14982.1,16846600192,2.51E+11
Bitcoin,BTC,03-01-2018,15572.8,14844.5,14978.2,15201,16871900160,2.55E+11
Bitcoin,BTC,04-01-2018,15739.7,14522.2,15270.7,15599.2,21783199744,2.62E+11
Bitcoin,BTC,05-01-2018,17705.2,15202.8,15477.2,17429.5,23840899072,2.93E+11
Bitcoin,BTC,06-01-2018,17712.4,16764.6,17462.1,17527,18314600448,2.94E+11
Bitcoin,BTC,07-01-2018,17579.6,16087.7,17527.3,16477.6,15866000384,2.77E+11
Bitcoin,BTC,08-01-2018,16537.9,14208.2,16476.2,15170.1,18413899776,2.55E+11
Bitcoin,BTC,09-01-2018,15497.5,14424,15123.7,14595.4,16659999744,2.45E+11
Bitcoin,BTC,10-01-2018,14973.3,13691.2,14588.5,14973.3,18500800512,2.51E+11
Bitcoin,BTC,11-01-2018,15018.8,13105.9,14968.2,13405.8,16534099968,2.25E+11
Bitcoin,BTC,12-01-2018,14229.9,13158.1,13453.9,13980.6,12065699840,2.35E+11
Bitcoin,BTC,13-01-2018,14659.5,13952.4,13952.4,14360.2,12763599872,2.41E+11
Bitcoin,BTC,14-01-2018,14511.8,13268,14370.8,13772,11084099584,2.31E+11
Bitcoin,BTC,15-01-2018,14445.5,13641.7,13767.3,13819.8,12750799872,2.32E+11
Bitcoin,BTC,16-01-2018,13843.1,10194.9,13836.1,11490.5,18853799936,1.93E+11
Bitcoin,BTC,17-01-2018,11678,9402.3,11431.1,11188.6,18830600192,1.88E+11
Bitcoin,BTC,18-01-2018,12107.3,10942.5,11198.8,11474.9,15020399616,1.93E+11
Bitcoin,BTC,19-01-2018,11992.8,11172.1,11429.8,11607.4,10740400128,1.95E+11
Bitcoin,BTC,20-01-2018,13103,11656.2,11656.2,12899.2,11801700352,2.17E+11
Bitcoin,BTC,21-01-2018,12895.9,11288.2,12889.2,11600.1,9935179776,1.95E+11
Bitcoin,BTC,22-01-2018,11966.4,10240.2,11633.1,10931.4,10537400320,1.84E+11
Bitcoin,BTC,23-01-2018,11377.6,10129.7,10944.5,10868.4,9660609536,1.83E+11
Bitcoin,BTC,24-01-2018,11501.4,10639.8,10903.4,11359.4,9940989952,1.91E+11
Bitcoin,BTC,25-01-2018,11785.7,11057.4,11421.7,11259.4,8873169920,1.89E+11
Bitcoin,BTC,26-01-2018,11656.7,10470.3,11256,11171.4,9746199552,1.88E+11
Bitcoin,BTC,27-01-2018,11614.9,10989.2,11174.9,11440.7,7583269888,1.93E+11
Bitcoin,BTC,28-01-2018,12040.3,11475.3,11475.3,11786.3,8350360064,1.98E+11
Bitcoin,BTC,29-01-2018,11875.6,11179.2,11755.5,11296.4,7107359744,1.90E+11
Bitcoin,BTC,30-01-2018,11307.2,10036.2,11306.8,10106.3,8637859840,1.70E+11
Bitcoin,BTC,31-01-2018,10381.6,9777.4,10108.2,10221.1,8041160192,1.72E+11
Bitcoin,BTC,01-02-2018,10288.8,8812.3,10237.3,9170.5,9959400448,1.54E+11
Bitcoin,BTC,02-02-2018,9142.3,7796.5,9142.3,8830.8,12726899712,1.49E+11
Bitcoin,BTC,03-02-2018,9430.8,8251.6,8852.1,9174.9,7263790080,1.55E+11
Bitcoin,BTC,04-02-2018,9334.9,8031.2,9175.7,8277,7073549824,1.39E+11
Bitcoin,BTC,05-02-2018,8364.8,6756.7,8270.5,6955.3,9285289984,1.17E+11
Bitcoin,BTC,06-02-2018,7850.7,6048.3,7051.8,7754,13999800320,1.31E+11
Bitcoin,BTC,07-02-2018,8509.1,7236.8,7755.5,7621.3,9169280000,1.28E+11
Bitcoin,BTC,08-02-2018,8558.8,7637.9,7637.9,8265.6,9346750464,1.39E+11
Bitcoin,BTC,09-02-2018,8737,7884.7,8271.8,8737,6784820224,1.47E+11
Bitcoin,BTC,10-02-2018,9122.5,8295.5,8720.1,8621.9,7780960256,1.45E+11
Bitcoin,BTC,11-02-2018,8616.1,7931.1,8616.1,8130,6122189824,1.37E+11
Bitcoin,BTC,12-02-2018,8985.9,8141.4,8141.4,8926.6,6256439808,1.51E+11
Bitcoin,BTC,13-02-2018,8958.5,8455.4,8926.7,8598.3,5696719872,1.45E+11
Bitcoin,BTC,14-02-2018,9518.5,8599.9,8599.9,9494.6,7909819904,1.60E+11
Bitcoin,BTC,15-02-2018,10234.8,9395.6,9488.3,10166.4,9062540288,1.71E+11
Bitcoin,BTC,16-02-2018,10324.1,9824.8,10135.7,10233.9,7296159744,1.73E+11
Bitcoin,BTC,17-02-2018,11139.5,10149.4,10207.5,11112.7,8660880384,1.87E+11
Bitcoin,BTC,18-02-2018,11349.8,10326,11123.4,10551.8,8744009728,1.78E+11
Bitcoin,BTC,19-02-2018,11273.8,10513.2,10552.6,11225.3,7652089856,1.89E+11
Bitcoin,BTC,20-02-2018,11958.5,11231.8,11231.8,11403.7,9926540288,1.92E+11
Bitcoin,BTC,21-02-2018,11418.5,10479.1,11372.2,10690.4,9405339648,1.80E+11
Bitcoin,BTC,22-02-2018,11039.1,9939.1,10660.4,10005,8040079872,1.69E+11
Bitcoin,BTC,23-02-2018,10487.3,9734.6,9937.1,10301.1,7739500032,1.74E+11
Bitcoin,BTC,24-02-2018,10597.2,9547,10287.7,9813.1,6917929984,1.66E+11
Bitcoin,BTC,25-02-2018,9923.2,9407.1,9796.4,9664.7,5706939904,1.63E+11
Bitcoin,BTC,26-02-2018,10475,9501.7,9669.4,10366.7,7287690240,1.75E+11
Bitcoin,BTC,27-02-2018,10878.5,10246.1,10393.9,10725.6,6966179840,1.81E+11
Bitcoin,BTC,28-02-2018,11089.8,10393.1,10687.2,10397.9,6936189952,1.76E+11
Bitcoin,BTC,01-03-2018,11052.3,10352.7,10385,10951,7317279744,1.85E+11
Bitcoin,BTC,02-03-2018,11189,10850.1,10977.4,11086.4,7620590080,1.87E+11
Bitcoin,BTC,03-03-2018,11528.2,11002.4,11101.9,11489.7,6690570240,1.94E+11
Bitcoin,BTC,04-03-2018,11512.6,11136.1,11497.4,11512.6,6084149760,1.95E+11
Bitcoin,BTC,05-03-2018,11704.1,11443.9,11532.4,11573.3,6468539904,1.96E+11
Bitcoin,BTC,06-03-2018,11500.1,10694.3,11500.1,10779.9,6832169984,1.82E+11
Bitcoin,BTC,07-03-2018,10929.5,9692.1,10803.9,9965.6,8797910016,1.68E+11
Bitcoin,BTC,08-03-2018,10147.4,9335.9,9951.4,9395,7186089984,1.59E+11
Bitcoin,BTC,09-03-2018,9466.3,8513,9414.7,9337.5,8704190464,1.58E+11
Bitcoin,BTC,10-03-2018,9531.3,8828.5,9350.6,8866,5386319872,1.50E+11
Bitcoin,BTC,11-03-2018,9711.9,8607.1,8852.8,9578.6,6296370176,1.62E+11
Bitcoin,BTC,12-03-2018,9937.5,8956.4,9602.9,9205.1,6457399808,1.56E+11
Bitcoin,BTC,13-03-2018,9470.4,8958.2,9173,9194.8,5991139840,1.56E+11
Bitcoin,BTC,14-03-2018,9355.8,8068.6,9214.7,8269.8,6438230016,1.40E+11
Bitcoin,BTC,15-03-2018,8428.3,7783,8290.8,8300.9,6834429952,1.40E+11
Bitcoin,BTC,16-03-2018,8585.2,8005.3,8322.9,8338.3,5289379840,1.41E+11
Bitcoin,BTC,17-03-2018,8346.5,7812.8,8321.9,7916.9,4426149888,1.34E+11
Bitcoin,BTC,18-03-2018,8245.5,7398,7890.5,8223.7,6639190016,1.39E+11
Bitcoin,BTC,19-03-2018,8675.9,8182.4,8344.1,8630.7,6729110016,1.46E+11
Bitcoin,BTC,20-03-2018,9051,8389.9,8619.7,8913.5,6361789952,1.51E+11
Bitcoin,BTC,21-03-2018,9177.4,8846.3,8937.5,8929.3,6043129856,1.51E+11
Bitcoin,BTC,22-03-2018,9100.7,8564.9,8939.4,8728.5,5530390016,1.48E+11
Bitcoin,BTC,23-03-2018,8879.6,8360.6,8736.3,8879.6,5954120192,1.50E+11
Bitcoin,BTC,24-03-2018,8996.2,8665.7,8902,8668.1,5664600064,1.47E+11
Bitcoin,BTC,25-03-2018,8682,8449.1,8612.8,8495.8,4569880064,1.44E+11
Bitcoin,BTC,26-03-2018,8530.1,7921.4,8498.5,8209.4,5921039872,1.39E+11
Bitcoin,BTC,27-03-2018,8232.8,7797.3,8200,7833,5378250240,1.33E+11
Bitcoin,BTC,28-03-2018,8122.9,7809.2,7836.8,7954.5,4935289856,1.35E+11
Bitcoin,BTC,29-03-2018,7994.3,7081.4,7979.1,7165.7,6361229824,1.21E+11
Bitcoin,BTC,30-03-2018,7276.7,6683.9,7171.5,6890.5,6289509888,1.17E+11
Bitcoin,BTC,31-03-2018,7207.9,6863.5,6892.5,6973.5,4553269760,1.18E+11
Bitcoin,BTC,01-04-2018,7061,6526.9,7003.1,6844.2,4532100096,1.16E+11
Bitcoin,BTC,02-04-2018,7135.5,6816.6,6844.9,7083.8,4333440000,1.20E+11
Bitcoin,BTC,03-04-2018,7530.9,7072.5,7102.3,7456.1,5499700224,1.26E+11
Bitcoin,BTC,04-04-2018,7469.9,6803.9,7456.4,6853.8,4936000000,1.16E+11
Bitcoin,BTC,05-04-2018,6933.8,6644.8,6848.6,6811.5,5639320064,1.16E+11
Bitcoin,BTC,06-04-2018,6857.5,6575,6816,6636.3,3766810112,1.13E+11
Bitcoin,BTC,07-04-2018,7050.5,6630.5,6630.5,6911.1,3976610048,1.17E+11
Bitcoin,BTC,08-04-2018,7111.6,6920,6920,7023.5,3652499968,1.19E+11
Bitcoin,BTC,09-04-2018,7178.1,6662,7044.3,6770.7,4894060032,1.15E+11
Bitcoin,BTC,10-04-2018,6872.4,6704.1,6795.4,6834.8,4272750080,1.16E+11
Bitcoin,BTC,11-04-2018,6968.3,6817.6,6843.5,6968.3,4641889792,1.18E+11
Bitcoin,BTC,12-04-2018,7899.2,6806.5,6955.4,7889.3,8906250240,1.34E+11
Bitcoin,BTC,13-04-2018,8184,7758.9,7901.1,7896,7764460032,1.34E+11
Bitcoin,BTC,14-04-2018,8140.7,7846,7874.7,7986.2,5191430144,1.36E+11
Bitcoin,BTC,15-04-2018,8338.4,7999.3,7999.3,8329.1,5244480000,1.41E+11
Bitcoin,BTC,16-04-2018,8371.2,7925.7,8337.6,8058.7,5631309824,1.37E+11
Bitcoin,BTC,17-04-2018,8286,7881.7,8071.7,7902.1,6900879872,1.34E+11
Bitcoin,BTC,18-04-2018,8197.8,7886,7944.4,8163.4,6529909760,1.39E+11
Bitcoin,BTC,19-04-2018,8298.7,8138.8,8159.3,8294.3,7063209984,1.41E+11
Bitcoin,BTC,20-04-2018,8880.2,8244.5,8286.9,8845.8,8438110208,1.50E+11
Bitcoin,BTC,21-04-2018,8997.6,8652.2,8848.8,8895.6,7548550144,1.51E+11
Bitcoin,BTC,22-04-2018,9001.6,8779.6,8925.1,8802.5,6629899776,1.50E+11
Bitcoin,BTC,23-04-2018,8958.5,8788.8,8794.4,8930.9,6925190144,1.52E+11
Bitcoin,BTC,24-04-2018,9732.6,8927.8,8934.3,9697.5,10678800384,1.65E+11
Bitcoin,BTC,25-04-2018,9745.3,8799.8,9701,8845.7,11083100160,1.50E+11
Bitcoin,BTC,26-04-2018,9281.5,8727.1,8867.3,9281.5,8970559488,1.58E+11
Bitcoin,BTC,27-04-2018,9375.5,8987,9290.6,8987,7566289920,1.53E+11
Bitcoin,BTC,28-04-2018,9412.1,8932,8939.3,9348.5,7805479936,1.59E+11
Bitcoin,BTC,29-04-2018,9531.5,9193.7,9346.4,9419.1,8853000192,1.60E+11
Bitcoin,BTC,30-04-2018,9477.1,9166.8,9426.1,9240.5,8673920000,1.57E+11
Bitcoin,BTC,01-05-2018,9255.9,8891,9251.5,9119,7713019904,1.55E+11
Bitcoin,BTC,02-05-2018,9256.5,9015.1,9104.6,9235.9,7558159872,1.57E+11
Bitcoin,BTC,03-05-2018,9798.3,9188.2,9234,9743.9,10207299584,1.66E+11
Bitcoin,BTC,04-05-2018,9779.2,9586,9695.5,9700.8,8217829888,1.65E+11
Bitcoin,BTC,05-05-2018,9964.5,9695.1,9700.3,9858.2,7651939840,1.68E+11
Bitcoin,BTC,06-05-2018,9940.1,9465.3,9845.3,9654.8,7222280192,1.64E+11
Bitcoin,BTC,07-05-2018,9665.8,9231.5,9645.7,9373,7394019840,1.60E+11
Bitcoin,BTC,08-05-2018,9462.8,9127.8,9380.9,9234.8,7415869952,1.57E+11
Bitcoin,BTC,09-05-2018,9374.8,9031.6,9223.7,9325.2,7226890240,1.59E+11
Bitcoin,BTC,10-05-2018,9396,9040.5,9326,9043.9,6906699776,1.54E+11
Bitcoin,BTC,11-05-2018,9053,8394.5,9053,8441.5,8488520192,1.44E+11
Bitcoin,BTC,12-05-2018,8664.9,8223.5,8441.4,8504.9,6821380096,1.45E+11
Bitcoin,BTC,13-05-2018,8773.5,8395.1,8515.5,8723.9,5866379776,1.49E+11
Bitcoin,BTC,14-05-2018,8881.1,8368,8713.1,8716.8,7364149760,1.48E+11
Bitcoin,BTC,15-05-2018,8836.2,8456.5,8705.2,8510.4,6705710080,1.45E+11
Bitcoin,BTC,16-05-2018,8508.4,8175.5,8504.4,8368.8,6760220160,1.43E+11
Bitcoin,BTC,17-05-2018,8445.5,8054.1,8370,8094.3,5862530048,1.38E+11
Bitcoin,BTC,18-05-2018,8274.1,7974.8,8091.8,8251,5764190208,1.41E+11
Bitcoin,BTC,19-05-2018,8372.1,8183.4,8255.7,8247.2,4712399872,1.41E+11
Bitcoin,BTC,20-05-2018,8562.4,8205.2,8247,8513.3,5191059968,1.45E+11
Bitcoin,BTC,21-05-2018,8557.5,8365.1,8522.3,8419,5154990080,1.44E+11
Bitcoin,BTC,22-05-2018,8423.3,8004.6,8419.9,8041.8,5137010176,1.37E+11
Bitcoin,BTC,23-05-2018,8054.7,7507.9,8037.1,7557.8,6491120128,1.29E+11
Bitcoin,BTC,24-05-2018,7738.6,7331.1,7561.1,7587.3,6049220096,1.29E+11
Bitcoin,BTC,25-05-2018,7659.1,7392.6,7592.3,7480.1,4867829760,1.28E+11
Bitcoin,BTC,26-05-2018,7595.2,7349.1,7486.5,7355.9,4051539968,1.25E+11
Bitcoin,BTC,27-05-2018,7381.7,7271,7362.1,7368.2,4056519936,1.26E+11
Bitcoin,BTC,28-05-2018,7419,7100.9,7371.3,7136,5040600064,1.22E+11
Bitcoin,BTC,29-05-2018,7526.4,7090.7,7129.5,7472.6,5662660096,1.28E+11
Bitcoin,BTC,30-05-2018,7573.8,7313.6,7469.7,7406.5,4922540032,1.26E+11
Bitcoin,BTC,31-05-2018,7608.9,7361.1,7406.1,7494.2,5127130112,1.28E+11
Bitcoin,BTC,01-06-2018,7604.7,7407.3,7500.7,7541.5,4921460224,1.29E+11
Bitcoin,BTC,02-06-2018,7695.8,7497.3,7536.7,7643.5,4939299840,1.30E+11
Bitcoin,BTC,03-06-2018,7754.9,7613,7632.1,7720.3,4851760128,1.32E+11
Bitcoin,BTC,04-06-2018,7753.8,7474,7722.5,7514.5,4993169920,1.28E+11
Bitcoin,BTC,05-06-2018,7643.2,7397,7500.9,7633.8,4961739776,1.30E+11
Bitcoin,BTC,06-06-2018,7680.4,7502,7626,7654,4692259840,1.31E+11
Bitcoin,BTC,07-06-2018,7741.3,7650.8,7650.8,7678.2,4485799936,1.31E+11
Bitcoin,BTC,08-06-2018,7698.2,7558.4,7685.1,7624.9,4227579904,1.30E+11
Bitcoin,BTC,09-06-2018,7683.6,7532,7632.5,7532,3845220096,1.29E+11
Bitcoin,BTC,10-06-2018,7499.5,6709.1,7499.5,6786,5804839936,1.16E+11
Bitcoin,BTC,11-06-2018,6910.2,6706.6,6799.3,6906.9,4745269760,1.18E+11
Bitcoin,BTC,12-06-2018,6908,6542.1,6905.8,6582.4,4654380032,1.12E+11
Bitcoin,BTC,13-06-2018,6631.7,6285.6,6596.9,6349.9,5052349952,1.09E+11
Bitcoin,BTC,14-06-2018,6707.1,6334.5,6342.8,6675.4,5138710016,1.14E+11
Bitcoin,BTC,15-06-2018,6681.1,6433.9,6674.1,6456.6,3955389952,1.10E+11
Bitcoin,BTC,16-06-2018,6592.5,6402.3,6455.5,6550.2,3194170112,1.12E+11
Bitcoin,BTC,17-06-2018,6589.1,6499.3,6545.5,6499.3,3104019968,1.11E+11
Bitcoin,BTC,18-06-2018,6781.1,6446.7,6510.1,6734.8,4039200000,1.15E+11
Bitcoin,BTC,19-06-2018,6822.5,6709.9,6742.4,6769.9,4057029888,1.16E+11
Bitcoin,BTC,20-06-2018,6821.6,6611.9,6770.8,6776.5,3888640000,1.16E+11
Bitcoin,BTC,21-06-2018,6810.9,6715.2,6780.1,6729.7,3529129984,1.15E+11
Bitcoin,BTC,22-06-2018,6747.1,6006.6,6737.9,6083.7,5079810048,1.04E+11
Bitcoin,BTC,23-06-2018,6224.8,6071.8,6090.1,6162.5,3431360000,1.05E+11
Bitcoin,BTC,24-06-2018,6223.8,5826.4,6164.3,6173.2,4566909952,1.06E+11
Bitcoin,BTC,25-06-2018,6327.4,6119.7,6172,6249.2,5500810240,1.07E+11
Bitcoin,BTC,26-06-2018,6290.2,6093.7,6253.5,6093.7,3279759872,1.04E+11
Bitcoin,BTC,27-06-2018,6180,6052.9,6084.4,6157.1,3296219904,1.05E+11
Bitcoin,BTC,28-06-2018,6170.4,5873,6153.2,5903.4,3467800064,1.01E+11
Bitcoin,BTC,29-06-2018,6261.7,5835.8,5898.1,6218.3,3966230016,1.06E+11
Bitcoin,BTC,30-06-2018,6465.5,6214.2,6214.2,6404,4543860224,1.10E+11
Bitcoin,BTC,01-07-2018,6432.9,6289.3,6411.7,6385.8,4788259840,1.09E+11
Bitcoin,BTC,02-07-2018,6683.9,6305.7,6380.4,6614.2,4396930048,1.13E+11
Bitcoin,BTC,03-07-2018,6671.4,6447.8,6596.7,6529.6,4672309760,1.12E+11
Bitcoin,BTC,04-07-2018,6771.9,6450.5,6550.9,6597.5,4176689920,1.13E+11
Bitcoin,BTC,05-07-2018,6749.5,6546.6,6599.7,6639.1,4999240192,1.14E+11
Bitcoin,BTC,06-07-2018,6700.9,6533.5,6638.7,6673.5,4313959936,1.14E+11
Bitcoin,BTC,07-07-2018,6864,6579.2,6668.7,6856.9,3961080064,1.18E+11
Bitcoin,BTC,08-07-2018,6885.9,6748,6857.8,6773.9,3386210048,1.16E+11
Bitcoin,BTC,09-07-2018,6838.7,6724.3,6775.1,6741.8,3718129920,1.16E+11
Bitcoin,BTC,10-07-2018,6767.7,6320.7,6739.2,6330,4052430080,1.09E+11
Bitcoin,BTC,11-07-2018,6445,6330.5,6330.8,6394.7,3644859904,1.10E+11
Bitcoin,BTC,12-07-2018,6397.1,6136.4,6396.8,6228.8,3770170112,1.07E+11
Bitcoin,BTC,13-07-2018,6310.5,6192.2,6235,6238,3805400064,1.07E+11
Bitcoin,BTC,14-07-2018,6298.2,6212.2,6247.5,6276.1,2923670016,1.08E+11
Bitcoin,BTC,15-07-2018,6403.5,6256.5,6272.7,6359.6,3285459968,1.09E+11
Bitcoin,BTC,16-07-2018,6741.8,6357,6357,6741.8,4725799936,1.16E+11
Bitcoin,BTC,17-07-2018,7387.2,6684.2,6739.6,7321,5961950208,1.26E+11
Bitcoin,BTC,18-07-2018,7535,7280.5,7315.3,7370.8,6103410176,1.26E+11
Bitcoin,BTC,19-07-2018,7494.5,7295.5,7378.2,7466.9,5111629824,1.28E+11
Bitcoin,BTC,20-07-2018,7594.7,7323.3,7467.4,7354.1,4936869888,1.26E+11
Bitcoin,BTC,21-07-2018,7437.6,7262.4,7352.7,7419.3,3726609920,1.27E+11
Bitcoin,BTC,22-07-2018,7538,7383.8,7417.8,7418.5,3695460096,1.27E+11
Bitcoin,BTC,23-07-2018,7771.5,7409.1,7414.7,7711.1,5132480000,1.32E+11
Bitcoin,BTC,24-07-2018,8424.3,7705.5,7716.5,8424.3,7277689856,1.45E+11
Bitcoin,BTC,25-07-2018,8416.9,8086.4,8379.7,8181.4,5845400064,1.40E+11
Bitcoin,BTC,26-07-2018,8290.3,7878.7,8176.9,7951.6,4899089920,1.37E+11
Bitcoin,BTC,27-07-2018,8262.7,7839.8,7950.4,8165,5195879936,1.40E+11
Bitcoin,BTC,28-07-2018,8222.8,8110.8,8169.1,8192.2,3988750080,1.41E+11
Bitcoin,BTC,29-07-2018,8272.3,8141.2,8205.8,8218.5,4107190016,1.41E+11
Bitcoin,BTC,30-07-2018,8235.5,7917.5,8221.6,8180.5,5551400000,1.41E+11
Bitcoin,BTC,31-07-2018,8181.5,7696.9,8181.2,7780.4,5287530000,1.34E+11
Bitcoin,BTC,01-08-2018,7769,7505,7769,7624.9,4797620000,1.31E+11
Bitcoin,BTC,02-08-2018,7712.8,7523.4,7634.2,7567.2,4214110000,1.30E+11
Bitcoin,BTC,03-08-2018,7562.1,7328.7,7562.1,7434.4,4627150000,1.28E+11
Bitcoin,BTC,04-08-2018,7497.5,6984.1,7438.7,7032.9,4268390000,1.21E+11
Bitcoin,BTC,05-08-2018,7102.8,6940.7,7031.1,7068.5,3679110000,1.22E+11
Bitcoin,BTC,06-08-2018,7166.6,6890.5,7062.9,6951.8,3925900000,1.20E+11
Bitcoin,BTC,07-08-2018,7146.6,6748.2,6958.3,6753.1,4682800000,1.16E+11
Bitcoin,BTC,08-08-2018,6746.9,6226.2,6746.9,6305.8,5064430000,1.08E+11
Bitcoin,BTC,09-08-2018,6625.7,6249.1,6305.6,6568.2,4267040000,1.13E+11
Bitcoin,BTC,10-08-2018,6591.3,6124.5,6571.4,6184.7,4528680000,1.06E+11
Bitcoin,BTC,11-08-2018,6455.7,6109,6185.8,6295.7,4047850000,1.08E+11
Bitcoin,BTC,12-08-2018,6409.9,6237.5,6283.7,6322.7,5665250000,1.09E+11
Bitcoin,BTC,13-08-2018,6537.1,6225.7,6341.4,6297.6,4083980000,1.08E+11
Bitcoin,BTC,14-08-2018,6287.9,5971.1,6287.7,6199.7,5301700000,1.07E+11
Bitcoin,BTC,15-08-2018,6588.5,6221.4,6221.4,6308.5,4895450000,1.09E+11
Bitcoin,BTC,16-08-2018,6473.5,6276.4,6294.2,6334.7,4328420000,1.09E+11
Bitcoin,BTC,17-08-2018,6582.5,6325,6340.9,6580.6,4992990000,1.13E+11
Bitcoin,BTC,18-08-2018,6617.4,6353.7,6583.4,6423.8,3984520000,1.11E+11
Bitcoin,BTC,19-08-2018,6538,6361.6,6422.6,6506.1,3311170000,1.12E+11
Bitcoin,BTC,20-08-2018,6536.9,6297.9,6500.5,6308.5,3665100000,1.09E+11
Bitcoin,BTC,21-08-2018,6500.9,6298.2,6301.1,6488.8,3377180000,1.12E+11
Bitcoin,BTC,22-08-2018,6816.8,6310.1,6486.3,6376.7,4668110000,1.10E+11
Bitcoin,BTC,23-08-2018,6546.5,6371.3,6371.3,6534.9,3426180000,1.13E+11
Bitcoin,BTC,24-08-2018,6720,6498.6,6551.5,6720,4097820000,1.16E+11
Bitcoin,BTC,25-08-2018,6789.6,6701,6720,6763.2,3312600000,1.17E+11
Bitcoin,BTC,26-08-2018,6774.8,6620.8,6754.6,6707.3,3295500000,1.16E+11
Bitcoin,BTC,27-08-2018,6884.6,6689.7,6710.8,6884.6,4019000000,1.19E+11
Bitcoin,BTC,28-08-2018,7109.6,6882.3,6891.1,7096.3,4659940000,1.22E+11
Bitcoin,BTC,29-08-2018,7113.3,6970.8,7091.7,7047.2,4145880000,1.21E+11
Bitcoin,BTC,30-08-2018,7072.7,6834.7,7043.8,6978.2,4463250000,1.20E+11
Bitcoin,BTC,31-08-2018,7057.2,6920.2,6974,7037.6,4495650000,1.21E+11
Bitcoin,BTC,01-09-2018,7242.3,7038.1,7044.8,7193.3,4116050000,1.24E+11
Bitcoin,BTC,02-09-2018,7306.3,7132.2,7189.6,7272.7,4329540000,1.25E+11
Bitcoin,BTC,03-09-2018,7317.9,7208.2,7279,7260.1,4087760000,1.25E+11
Bitcoin,BTC,04-09-2018,7388.3,7255.4,7263,7361.7,4273640000,1.27E+11
Bitcoin,BTC,05-09-2018,7388.4,6792.8,7361.5,6792.8,5800460000,1.17E+11
Bitcoin,BTC,06-09-2018,6755.1,6404.7,6755.1,6529.2,5523470000,1.13E+11
Bitcoin,BTC,07-09-2018,6555.3,6396.9,6528.9,6467.1,4264680000,1.12E+11
Bitcoin,BTC,08-09-2018,6534.3,6197.5,6460.2,6226,3835060000,1.07E+11
Bitcoin,BTC,09-09-2018,6446.3,6201.2,6223.4,6300.9,3671890000,1.09E+11
Bitcoin,BTC,10-09-2018,6375,6292.8,6301.6,6329.7,3714100000,1.09E+11
Bitcoin,BTC,11-09-2018,6398.9,6260.2,6331.9,6321.2,3849910000,1.09E+11
Bitcoin,BTC,12-09-2018,6363.9,6265.1,6317,6351.8,4064230000,1.10E+11
Bitcoin,BTC,13-09-2018,6535.4,6354.2,6354.2,6517.3,4210910000,1.13E+11
Bitcoin,BTC,14-09-2018,6596.1,6456.2,6515.4,6512.7,4076220000,1.12E+11
Bitcoin,BTC,15-09-2018,6561.7,6493.6,6509.4,6543.2,3216300000,1.13E+11
Bitcoin,BTC,16-09-2018,6544.3,6460.1,6536.7,6517.2,3273730000,1.13E+11
Bitcoin,BTC,17-09-2018,6540.2,6257.5,6514.1,6281.2,3910780000,1.08E+11
Bitcoin,BTC,18-09-2018,6384.2,6265.7,6280.9,6371.3,4180090000,1.10E+11
Bitcoin,BTC,19-09-2018,6448.5,6208.3,6371.9,6398.5,4431340000,1.11E+11
Bitcoin,BTC,20-09-2018,6529.3,6396,6398.9,6519.7,4348110000,1.13E+11
Bitcoin,BTC,21-09-2018,6794.3,6496.4,6513.9,6735,6531940000,1.16E+11
Bitcoin,BTC,22-09-2018,6814.6,6616.8,6735.1,6722,4509660000,1.16E+11
Bitcoin,BTC,23-09-2018,6766.2,6679.4,6715.3,6710.6,4197500000,1.16E+11
Bitcoin,BTC,24-09-2018,6713.6,6580.9,6704.8,6595.4,4177310000,1.14E+11
Bitcoin,BTC,25-09-2018,6603.6,6381.9,6603.6,6446.5,4726180000,1.11E+11
Bitcoin,BTC,26-09-2018,6585.9,6397.9,6452.8,6495,4437300000,1.12E+11
Bitcoin,BTC,27-09-2018,6712.1,6465,6495.3,6676.8,4606810000,1.15E+11
Bitcoin,BTC,28-09-2018,6785,6598.3,6678.8,6644.1,5014430000,1.15E+11
Bitcoin,BTC,29-09-2018,6643.1,6511.7,6643.1,6602,4363690000,1.14E+11
Bitcoin,BTC,30-09-2018,6643.8,6566.5,6604.7,6625.6,4002280000,1.15E+11
Bitcoin,BTC,01-10-2018,6653.3,6549.1,6619.9,6589.6,4000970000,1.14E+11
Bitcoin,BTC,02-10-2018,6611.8,6537.9,6593.2,6556.1,3979260000,1.13E+11
Bitcoin,BTC,03-10-2018,6571.5,6454,6553.9,6502.6,3887310000,1.13E+11
Bitcoin,BTC,04-10-2018,6603.3,6497.9,6497.9,6576.7,3838410000,1.14E+11
Bitcoin,BTC,05-10-2018,6623.6,6557.4,6574.2,6622.5,3671500000,1.15E+11
Bitcoin,BTC,06-10-2018,6628.5,6577.8,6622.5,6588.3,3259740000,1.14E+11
Bitcoin,BTC,07-10-2018,6641.5,6557,6590.7,6603,3306630000,1.14E+11
Bitcoin,BTC,08-10-2018,6675.1,6576,6600.2,6652.2,3979460000,1.15E+11
Bitcoin,BTC,09-10-2018,6661.4,6606.9,6653.1,6642.6,3580810000,1.15E+11
Bitcoin,BTC,10-10-2018,6640.3,6539,6640.3,6585.5,3787650000,1.14E+11
Bitcoin,BTC,11-10-2018,6586.7,6243.7,6586.7,6256.2,5181640000,1.08E+11
Bitcoin,BTC,12-10-2018,6328.5,6236.5,6239.3,6274.6,3783500000,1.09E+11
Bitcoin,BTC,13-10-2018,6308.5,6259.8,6278.1,6286,3064030000,1.09E+11
Bitcoin,BTC,14-10-2018,6363.2,6280.2,6288.5,6290.9,3085320000,1.09E+11
Bitcoin,BTC,15-10-2018,6965.1,6258.7,6292.6,6596.5,7370770000,1.14E+11
Bitcoin,BTC,16-10-2018,6673.6,6571.4,6601.4,6596.1,4074800000,1.14E+11
Bitcoin,BTC,17-10-2018,6601.2,6517.5,6590.5,6544.4,4088420000,1.13E+11
Bitcoin,BTC,18-10-2018,6567.5,6450,6542.3,6476.7,3924080000,1.12E+11
Bitcoin,BTC,19-10-2018,6493.7,6445.3,6478.1,6465.4,3578870000,1.12E+11
Bitcoin,BTC,20-10-2018,6497.7,6449,6460.9,6489.2,3379130000,1.12E+11
Bitcoin,BTC,21-10-2018,6556.4,6476,6490.1,6482.4,3253610000,1.12E+11
Bitcoin,BTC,22-10-2018,6543.8,6463,6486.1,6487.2,3672860000,1.12E+11
Bitcoin,BTC,23-10-2018,6506,6451.3,6472.4,6475.7,3716150000,1.12E+11
Bitcoin,BTC,24-10-2018,6522,6468.9,6478.9,6495.8,3424670000,1.13E+11
Bitcoin,BTC,25-10-2018,6504.7,6447,6484.7,6476.3,3230550000,1.12E+11
Bitcoin,BTC,26-10-2018,6498.3,6449.6,6468.4,6474.8,3306050000,1.12E+11
Bitcoin,BTC,27-10-2018,6507.4,6453.5,6480.8,6480.4,3393250000,1.12E+11
Bitcoin,BTC,28-10-2018,6502.3,6447.9,6482.7,6486.4,3445190000,1.13E+11
Bitcoin,BTC,29-10-2018,6503.6,6307,6492.4,6332.6,4199910000,1.10E+11
Bitcoin,BTC,30-10-2018,6365,6310.1,6337,6334.3,3781100000,1.10E+11
Bitcoin,BTC,31-10-2018,6349.2,6316.9,6337,6317.6,4191240000,1.10E+11
Bitcoin,BTC,01-11-2018,6547.1,6311.8,6318.1,6377.8,3789400000,1.11E+11
Bitcoin,BTC,02-11-2018,6396.9,6327.4,6378.9,6388.4,4234870000,1.11E+11
Bitcoin,BTC,03-11-2018,6400.1,6342.4,6387.2,6361.3,3658640000,1.10E+11
Bitcoin,BTC,04-11-2018,6388.6,6294.6,6365.5,6376.1,4390020000,1.11E+11
Bitcoin,BTC,05-11-2018,6480.6,6363.6,6363.6,6419.7,4174800000,1.11E+11
Bitcoin,BTC,06-11-2018,6463.6,6408.2,6433.4,6461,4700040000,1.12E+11
Bitcoin,BTC,07-11-2018,6552.2,6468.3,6468.5,6530.1,4941260000,1.13E+11
Bitcoin,BTC,08-11-2018,6536.9,6438.5,6522.3,6453.7,4665260000,1.12E+11
Bitcoin,BTC,09-11-2018,6456.5,6373.4,6442.6,6385.6,4346820000,1.11E+11
Bitcoin,BTC,10-11-2018,6437.3,6385.3,6386.1,6409.2,3705320000,1.11E+11
Bitcoin,BTC,11-11-2018,6423.3,6350.2,6413.6,6411.3,3939060000,1.11E+11
Bitcoin,BTC,12-11-2018,6434.2,6360.5,6411.8,6371.3,4295770000,1.11E+11
Bitcoin,BTC,13-11-2018,6395.3,6342.7,6373.2,6359.5,4503800000,1.10E+11
Bitcoin,BTC,14-11-2018,6371.6,5544.1,6351.2,5738.4,7398940000,99712077259
Bitcoin,BTC,15-11-2018,5774.8,5358.4,5736.2,5648,7032140000,98151606541
Bitcoin,BTC,16-11-2018,5657,5498.9,5645.3,5575.6,5279320000,96900828780
Bitcoin,BTC,17-11-2018,5578.6,5519.6,5578.6,5554.3,4303150000,96542098114
Bitcoin,BTC,18-11-2018,5653.6,5559.7,5559.7,5623.5,4159680000,97753714643
Bitcoin,BTC,19-11-2018,5620.8,4842.9,5620.8,4871.5,7039560000,84688539692
Bitcoin,BTC,20-11-2018,4951.6,4272.1,4863.9,4451.9,8428290000,77401044320
Bitcoin,BTC,21-11-2018,4675.7,4344,4465.5,4602.2,6120120000,80020171047
Bitcoin,BTC,22-11-2018,4629.6,4365.6,4611.6,4365.9,4569370000,75919439809
Bitcoin,BTC,23-11-2018,4396.4,4195.7,4360.7,4347.1,4871490000,75598851166
Bitcoin,BTC,24-11-2018,4413.1,3795.2,4347.7,3880.8,4679500000,67495633205
Bitcoin,BTC,25-11-2018,4120.9,3585.1,3880.8,4010,6825640000,69749265801
Bitcoin,BTC,26-11-2018,4107.1,3643.9,4015.1,3779.1,6476900000,65739289046
Bitcoin,BTC,27-11-2018,3863,3661,3766,3820.7,5998720000,66468970322
Bitcoin,BTC,28-11-2018,4385.9,3822.5,3822.5,4257.4,7280280000,74072560088
Bitcoin,BTC,29-11-2018,4413,4145.8,4269,4278.8,6503347767,74451016927
Bitcoin,BTC,30-11-2018,4323,3942.8,4289.1,4017.3,6048016717,69904637061
Bitcoin,BTC,01-12-2018,4309.4,3969.7,4024.5,4214.7,5375314093,73346194969
Bitcoin,BTC,02-12-2018,4301.5,4111,4200.7,4139.9,5262697895,72050487506
Bitcoin,BTC,03-12-2018,4156,3840.4,4147.3,3894.1,5089570994,67779050170
Bitcoin,BTC,04-12-2018,4075.6,3832.7,3886.3,3956.9,5028069239,68878292608
Bitcoin,BTC,05-12-2018,3969.5,3754,3958.9,3754,5302481574,65352496336
Bitcoin,BTC,06-12-2018,3875,3521.1,3754.1,3521.1,5878333109,61303965508
Bitcoin,BTC,07-12-2018,3512.6,3280.2,3512.6,3419.9,6835615448,59547645578
Bitcoin,BTC,08-12-2018,3506,3350.7,3421.9,3476.1,5305024497,60531278392
Bitcoin,BTC,09-12-2018,3685.3,3469.1,3473.2,3614.2,4947372847,62942160928
Bitcoin,BTC,10-12-2018,3647.3,3470.1,3612,3502.7,5020968740,61004445982
Bitcoin,BTC,11-12-2018,3513.2,3392.3,3497.6,3424.6,4696765188,59650201102
Bitcoin,BTC,12-12-2018,3534.2,3413.5,3421.5,3487,4139364829,60741625426
Bitcoin,BTC,13-12-2018,3489.7,3298.1,3487.9,3313.7,4343372456,57728688216
Bitcoin,BTC,14-12-2018,3329.6,3206.5,3311.8,3242.5,4372763663,56494379457
Bitcoin,BTC,15-12-2018,3275.4,3191.3,3244,3236.8,3551763561,56400691425
Bitcoin,BTC,16-12-2018,3305.8,3233.8,3236.3,3252.8,3744248994,56685436644
Bitcoin,BTC,17-12-2018,3597.9,3253.1,3253.1,3545.9,5409247918,61798926687
Bitcoin,BTC,18-12-2018,3701.3,3487.2,3544.8,3696.1,5911325473,64422587801
Bitcoin,BTC,19-12-2018,3949.3,3687.2,3706.8,3746,6810689119,65299132785
Bitcoin,BTC,20-12-2018,4191.2,3729,3742.2,4134.4,8927129279,72078243771
Bitcoin,BTC,21-12-2018,4198.4,3850.9,4133.7,3896.5,7206015707,67937650255
Bitcoin,BTC,22-12-2018,4014.2,3855.7,3898.1,4014.2,5605823233,69997508295
Bitcoin,BTC,23-12-2018,4085.7,3976.4,4021,3999,6151275490,69741217417
Bitcoin,BTC,24-12-2018,4271.8,4000.3,4000.3,4078.6,7240968501,71137548589
Bitcoin,BTC,25-12-2018,4089.6,3760,4081,3815.5,6158207293,66556033172
Bitcoin,BTC,26-12-2018,3893.4,3769.9,3819.7,3857.3,5326547918,67292819465
Bitcoin,BTC,27-12-2018,3874.4,3645.4,3854.7,3654.8,5130222367,63768757101
Bitcoin,BTC,28-12-2018,3956.1,3642.6,3653.1,3923.9,5631554348,68471837969
Bitcoin,BTC,29-12-2018,3963.8,3820.4,3932.5,3820.4,4991655918,66672244158
Bitcoin,BTC,30-12-2018,3901.9,3797.2,3822.4,3866,4770578575,67475512827
Bitcoin,BTC,31-12-2018,3868.7,3725.9,3866.8,3742.7,4661840806,65331499158
Bitcoin,BTC,01-01-2019,3850.9,3707.2,3746.7,3843.5,4324200990,67098634181
Bitcoin,BTC,02-01-2019,3948,3817.4,3849.2,3943.4,5244856836,68849856732
Bitcoin,BTC,03-01-2019,3935.7,3826.2,3931,3836.7,4530215219,66994920903
Bitcoin,BTC,04-01-2019,3865.9,3783.9,3832,3857.7,4847965467,67368333500
Bitcoin,BTC,05-01-2019,3904.9,3836.9,3852,3845.2,5137609824,67157570935
Bitcoin,BTC,06-01-2019,4093.3,3826.5,3836.5,4076.6,5597027440,71206795853
Bitcoin,BTC,07-01-2019,4092.6,4020.9,4078.6,4025.2,5228625637,70316305580
Bitcoin,BTC,08-01-2019,4109,3997,4028.5,4030.8,5306593305,70422743854
Bitcoin,BTC,09-01-2019,4068.4,4022.7,4031.6,4035.3,5115905225,70508733459
Bitcoin,BTC,10-01-2019,4064.1,3659.2,4034.4,3678.9,6874143796,64288932886
Bitcoin,BTC,11-01-2019,3713.9,3653.1,3674,3687.4,5538712865,64443301117
Bitcoin,BTC,12-01-2019,3699,3653.8,3687,3661.3,4778170883,63994140882
Bitcoin,BTC,13-01-2019,3674.8,3544.9,3658.9,3553,4681302466,62106461671
Bitcoin,BTC,14-01-2019,3727.8,3552.3,3557.3,3706.1,5651384490,64789619995
Bitcoin,BTC,15-01-2019,3720.2,3619.9,3704.2,3630.7,5537192302,63477817959
Bitcoin,BTC,16-01-2019,3685.8,3624.7,3631.5,3655,5394457145,63909348776
Bitcoin,BTC,17-01-2019,3680.1,3622,3651.9,3678.6,5464420383,64327048255
Bitcoin,BTC,18-01-2019,3682.5,3637.1,3678,3657.8,5002961727,63970991867
Bitcoin,BTC,19-01-2019,3758.5,3652.4,3652.4,3728.6,5955691380,65214103659
Bitcoin,BTC,20-01-2019,3743.4,3583,3725.4,3601,5582489560,62990143284
Bitcoin,BTC,21-01-2019,3608.8,3558.5,3600.4,3576,5004347059,62559869612
Bitcoin,BTC,22-01-2019,3620.7,3539.7,3575.1,3604.6,5313623556,63065139424
Bitcoin,BTC,23-01-2019,3623.1,3565.3,3605.6,3585.1,5433755649,62731361272
Bitcoin,BTC,24-01-2019,3616.1,3569.1,3584.5,3600.9,5262869046,63014066012
Bitcoin,BTC,25-01-2019,3612.9,3575.6,3607.4,3599.8,5265847539,63000985908
Bitcoin,BTC,26-01-2019,3654.9,3593.3,3599.7,3602.5,5098183235,63054898963
Bitcoin,BTC,27-01-2019,3612.7,3567.2,3604.7,3584,5570752966,62737274093
Bitcoin,BTC,28-01-2019,3586.8,3439.2,3584.3,3470.5,6908930484,60756570314
Bitcoin,BTC,29-01-2019,3476.1,3400.8,3468.9,3448.1,5897159493,60371874099
Bitcoin,BTC,30-01-2019,3495.2,3429.4,3443.9,3486.2,5955112627,61044262622
Bitcoin,BTC,31-01-2019,3504.8,3447.9,3485.4,3457.8,5831198271,60553903928
Bitcoin,BTC,01-02-2019,3502,3431.6,3460.5,3487.9,5422926707,61088747491
Bitcoin,BTC,02-02-2019,3523.3,3467.6,3484.6,3521.1,5071623601,61675119055
Bitcoin,BTC,03-02-2019,3521.4,3447.9,3516.1,3464,5043937584,60681847608
Bitcoin,BTC,04-02-2019,3476.2,3442.6,3467.2,3459.2,5332718886,60603083461
Bitcoin,BTC,05-02-2019,3478.1,3451.9,3455,3466.4,5227549545,60735563490
Bitcoin,BTC,06-02-2019,3469.1,3398.6,3469.1,3413.8,5482196038,59821158612
Bitcoin,BTC,07-02-2019,3427.9,3394.2,3414.9,3399.5,5004962683,59578075991
Bitcoin,BTC,08-02-2019,3695.6,3391,3401.4,3666.8,7735623101,64270269953
Bitcoin,BTC,09-02-2019,3679.9,3646.6,3671.6,3671.2,6158833645,64354732475
Bitcoin,BTC,10-02-2019,3695,3641,3673.2,3690.2,6282256903,64694025951
Bitcoin,BTC,11-02-2019,3695.6,3642.3,3695.6,3648.4,6277056434,63968390250
Bitcoin,BTC,12-02-2019,3668.6,3618.6,3642.8,3653.5,6480384532,64063755250
Bitcoin,BTC,13-02-2019,3669.7,3617.2,3653.6,3632.1,6438903823,63694394519
Bitcoin,BTC,14-02-2019,3646.3,3607.7,3631.2,3616.9,6271044418,63434486052
Bitcoin,BTC,15-02-2019,3647.8,3608.2,3617.4,3620.8,6091952231,63509111125
Bitcoin,BTC,16-02-2019,3652.8,3615.3,3615.3,3629.8,5934744052,63673369195
Bitcoin,BTC,17-02-2019,3680.5,3619.2,3633.4,3673.8,7039512503,64453368779
Bitcoin,BTC,18-02-2019,3936.7,3670,3671.4,3915.7,9908216640,68704389994
Bitcoin,BTC,19-02-2019,4010.9,3908.2,3911.7,3947.1,9933626655,69262673238
Bitcoin,BTC,20-02-2019,4000.5,3926.2,3946.7,3999.8,8693373948,70194350042
Bitcoin,BTC,21-02-2019,4010,3940.1,4000.3,3954.1,7775128102,69398333876
Bitcoin,BTC,22-02-2019,4006.5,3950.8,3952.4,4005.5,7826525254,70308555857
Bitcoin,BTC,23-02-2019,4166.3,3968.7,3998.9,4142.5,8922258316,72720867208
Bitcoin,BTC,24-02-2019,4210.6,3793.7,4145.5,3810.4,10794227451,66897483404
Bitcoin,BTC,25-02-2019,3913.7,3807,3807,3882.7,9318796067,68173204651
Bitcoin,BTC,26-02-2019,3891.6,3838,3878.7,3854.4,7931218996,67683296223
Bitcoin,BTC,27-02-2019,3888.8,3787.1,3857.5,3851,8301309684,67631949500
Bitcoin,BTC,28-02-2019,3906.1,3845.8,3848.3,3854.8,8399767799,67704774107
Bitcoin,BTC,01-03-2019,3907.8,3851.7,3853.8,3859.6,7661247975,67796965743
Bitcoin,BTC,02-03-2019,3874.6,3832.1,3855.3,3864.4,7578786076,67888255371
Bitcoin,BTC,03-03-2019,3875.5,3836.9,3862.3,3847.2,7253558152,67592376373
Bitcoin,BTC,04-03-2019,3867.4,3733.7,3845.1,3761.6,9029175788,66094551587
Bitcoin,BTC,05-03-2019,3903.9,3745.2,3759.8,3896.4,10174126415,68470655400
Bitcoin,BTC,06-03-2019,3919.5,3871.5,3897.1,3903.9,9175291529,68609885776
Bitcoin,BTC,07-03-2019,3939.4,3894.1,3903.4,3911.5,9584165519,68749421311
Bitcoin,BTC,08-03-2019,3950.4,3875.2,3913.2,3901.1,10638638944,68574579320
Bitcoin,BTC,09-03-2019,3987.2,3892.4,3894.6,3963.3,10796103518,69674508655
Bitcoin,BTC,10-03-2019,3966.2,3924.4,3966.2,3951.6,9713267607,69475297370
Bitcoin,BTC,11-03-2019,3966.4,3889.2,3953.7,3905.2,10125901903,68666928026
Bitcoin,BTC,12-03-2019,3926.9,3863.6,3903.8,3909.2,9809887079,68743000581
Bitcoin,BTC,13-03-2019,3926.6,3891.9,3913,3906.7,9469184841,68706700381
Bitcoin,BTC,14-03-2019,3946.5,3901.3,3905.6,3924.4,10480789570,69024696307
Bitcoin,BTC,15-03-2019,3968.5,3914,3926.7,3960.9,9394210605,69675002377
Bitcoin,BTC,16-03-2019,4077,3961.7,3963.9,4048.7,9856166973,71227967573
Bitcoin,BTC,17-03-2019,4054.1,4006.4,4047.7,4025.2,8221625400,70821939585
Bitcoin,BTC,18-03-2019,4071.6,4009.1,4030,4032.5,9646954186,70958165407
Bitcoin,BTC,19-03-2019,4082.2,4023.8,4032.7,4071.2,9344919956,71647703828
Bitcoin,BTC,20-03-2019,4089.5,4031.1,4070.8,4087.5,10175916388,71942444088
Bitcoin,BTC,21-03-2019,4097.4,4005.2,4084,4029.3,10831212662,70926226882
Bitcoin,BTC,22-03-2019,4053.9,4021.5,4028.5,4024,9252935969,70840048102
Bitcoin,BTC,23-03-2019,4049.9,4016,4022.7,4035.8,9578850549,71056017910
Bitcoin,BTC,24-03-2019,4040.7,4006.2,4035.2,4022.2,9144851065,70823042992
Bitcoin,BTC,25-03-2019,4038.8,3934,4024.1,3963.1,10359818883,69789872373
Bitcoin,BTC,26-03-2019,3985.1,3944.8,3969.2,3985.1,10707678815,70184147203
Bitcoin,BTC,27-03-2019,4087.1,3977.8,3984.2,4087.1,10897131934,71987847571
Bitcoin,BTC,28-03-2019,4094.9,4040.3,4087.6,4069.1,9353915899,71678998915
Bitcoin,BTC,29-03-2019,4113.5,4034.1,4068.3,4098.4,10918665557,72202088875
Bitcoin,BTC,30-03-2019,4296.8,4053.9,4092.1,4106.7,9732688060,72355190645
Bitcoin,BTC,31-03-2019,4113,4094.1,4105.5,4105.4,9045122443,72339379036
Bitcoin,BTC,01-04-2019,4165,4096.9,4105.4,4158.2,10157794171,73269368747
Bitcoin,BTC,02-04-2019,4906,4155.3,4156.9,4879.9,21315047816,85986009273
Bitcoin,BTC,03-04-2019,5307,4876.6,4880,4973,22899891582,87655288145
Bitcoin,BTC,04-04-2019,5063.2,4836.8,4971.3,4922.8,18251810240,86778727821
Bitcoin,BTC,05-04-2019,5053.5,4919.5,4922.8,5036.7,16837325387,88796118650
Bitcoin,BTC,06-04-2019,5205.8,4992.2,5036.8,5059.8,16929795194,89212733450
Bitcoin,BTC,07-04-2019,5235.2,5050.4,5062.8,5198.9,16655416140,91674230186
Bitcoin,BTC,08-04-2019,5318.8,5148.2,5199.8,5289.8,17154113634,93286365973
Bitcoin,BTC,09-04-2019,5289.9,5167.4,5289.9,5205,14722104361,91799330425
Bitcoin,BTC,10-04-2019,5421.7,5193.4,5204.1,5324.6,15504590933,93918439274
Bitcoin,BTC,11-04-2019,5354.2,5017.3,5325.1,5064.5,16555616019,89341168457
Bitcoin,BTC,12-04-2019,5103.3,4955.9,5061.2,5089.5,13675206313,89792633045
Bitcoin,BTC,13-04-2019,5127.1,5061.6,5088.8,5096.6,10823289598,89925574875
Bitcoin,BTC,14-04-2019,5184,5053.6,5095.8,5167.7,10391952498,91188595341
Bitcoin,BTC,15-04-2019,5196.6,5024.1,5167.3,5067.1,12290155061,89422237603
Bitcoin,BTC,16-04-2019,5238.9,5055.2,5066.6,5235.6,11618660197,92404613297
Bitcoin,BTC,17-04-2019,5274.3,5219.2,5236.1,5251.9,12438480677,92702617458
Bitcoin,BTC,18-04-2019,5320,5250.5,5251.5,5298.4,13256489918,93532402741
Bitcoin,BTC,19-04-2019,5336.7,5233.3,5298.2,5303.8,13780238655,93638345002
Bitcoin,BTC,20-04-2019,5358.5,5295.9,5304.2,5337.9,13169647522,94248717444
Bitcoin,BTC,21-04-2019,5359.9,5257.3,5335.9,5314.5,13731844223,93847052256
Bitcoin,BTC,22-04-2019,5422.7,5280.3,5312.5,5399.4,14601631648,95354207776
Bitcoin,BTC,23-04-2019,5633.8,5389.4,5399.4,5572.4,15867308108,98417387004
Bitcoin,BTC,24-04-2019,5642,5418.3,5571.5,5464.9,17048033399,96530038144
Bitcoin,BTC,25-04-2019,5542.2,5181.3,5466.5,5210.5,15330283408,92046492864
Bitcoin,BTC,26-04-2019,5383.6,5177.4,5210.3,5279.3,16812108040,93272287960
Bitcoin,BTC,27-04-2019,5310.8,5233.6,5279.5,5268.3,13111274675,93086156556
Bitcoin,BTC,28-04-2019,5326.2,5255.7,5271.7,5285.1,12819992056,93391244395
Bitcoin,BTC,29-04-2019,5311.3,5216.5,5284.9,5247.4,13735490672,92737510865
Bitcoin,BTC,30-04-2019,5363.3,5224.2,5247.7,5350.7,13878964574,94573826828
Bitcoin,BTC,01-05-2019,5418,5347.6,5350.9,5402.7,13679528237,95501110091
Bitcoin,BTC,02-05-2019,5522.3,5394.2,5402.4,5505.3,14644460907,97330112147
Bitcoin,BTC,03-05-2019,5865.9,5490.2,5505.6,5768.3,18720780006,1.02E+11
Bitcoin,BTC,04-05-2019,5886.9,5645.5,5769.2,5831.2,17567780766,1.03E+11
Bitcoin,BTC,05-05-2019,5833.9,5708,5831.1,5795.7,14808830723,1.02E+11
Bitcoin,BTC,06-05-2019,5803,5653.7,5791.7,5746.8,15737171804,1.02E+11
Bitcoin,BTC,07-05-2019,5988.2,5741.4,5745.6,5829.5,18026409033,1.03E+11
Bitcoin,BTC,08-05-2019,5990,5794.7,5849.5,5982.5,15320605300,1.06E+11
Bitcoin,BTC,09-05-2019,6183,5982.3,5982.3,6174.5,16784645411,1.09E+11
Bitcoin,BTC,10-05-2019,6434.6,6161.5,6175.8,6378.8,19419875368,1.13E+11
Bitcoin,BTC,11-05-2019,7333,6375.7,6379.7,7204.8,28867562329,1.27E+11
Bitcoin,BTC,12-05-2019,7503.9,6815.8,7203.5,6972.4,27773333680,1.23E+11
Bitcoin,BTC,13-05-2019,8047.4,6898.3,6971.2,7814.9,28677672182,1.38E+11
Bitcoin,BTC,14-05-2019,8268.7,7696.4,7807.9,7994.4,32031452227,1.42E+11
Bitcoin,BTC,15-05-2019,8216.4,7899.1,7989.4,8205.2,28344112920,1.45E+11
Bitcoin,BTC,16-05-2019,8320.8,7729.6,8194.5,7884.9,33167197581,1.40E+11
Bitcoin,BTC,17-05-2019,7929.1,7038.1,7886.9,7343.9,30066644905,1.30E+11
Bitcoin,BTC,18-05-2019,7447.3,7251.5,7341.7,7271.2,21354286562,1.29E+11
Bitcoin,BTC,19-05-2019,8261.9,7268,7268,8197.7,25902422040,1.45E+11
Bitcoin,BTC,20-05-2019,8201,7678.8,8196.9,7978.3,23843404340,1.41E+11
Bitcoin,BTC,21-05-2019,8062.2,7843.3,7978,7963.3,25127245056,1.41E+11
Bitcoin,BTC,22-05-2019,7997.6,7616,7956.3,7680.1,24719473175,1.36E+11
Bitcoin,BTC,23-05-2019,7943.8,7533.2,7677.3,7881.8,24457107820,1.40E+11
Bitcoin,BTC,24-05-2019,8140.7,7824.4,7881.7,7987.4,25919126991,1.42E+11
Bitcoin,BTC,25-05-2019,8117.9,7966,7991.9,8052.5,22256813107,1.43E+11
Bitcoin,BTC,26-05-2019,8687.5,7924.7,8055.2,8673.2,26677970092,1.54E+11
Bitcoin,BTC,27-05-2019,8907.2,8668.7,8674.1,8805.8,27949839564,1.56E+11
Bitcoin,BTC,28-05-2019,8807,8634.7,8802.8,8720,24226919267,1.55E+11
Bitcoin,BTC,29-05-2019,8755.9,8482.7,8718.6,8659.5,23473479966,1.54E+11
Bitcoin,BTC,30-05-2019,9008.3,8221.3,8661.8,8319.5,29246528551,1.48E+11
Bitcoin,BTC,31-05-2019,8586.7,8172.6,8320.3,8574.5,25365190957,1.52E+11
Bitcoin,BTC,01-06-2019,8625.6,8481.6,8573.8,8564,22488303544,1.52E+11
Bitcoin,BTC,02-06-2019,8809.3,8561.2,8565.5,8743,20266216022,1.55E+11
Bitcoin,BTC,03-06-2019,8743.5,8204.2,8741.7,8209,22004511436,1.46E+11
Bitcoin,BTC,04-06-2019,8211,7564.5,8211,7707.8,24609731549,1.37E+11
Bitcoin,BTC,05-06-2019,7901.8,7668.7,7704.3,7824.2,21760923463,1.39E+11
Bitcoin,BTC,06-06-2019,7937.3,7571.5,7819.6,7822,19474611077,1.39E+11
Bitcoin,BTC,07-06-2019,8126.2,7788.4,7826.9,8044,19141423231,1.43E+11
Bitcoin,BTC,08-06-2019,8076.9,7837.6,8036.8,7954.1,16522722810,1.41E+11
Bitcoin,BTC,09-06-2019,7976,7583.2,7949.7,7688.1,16610726547,1.36E+11
Bitcoin,BTC,10-06-2019,8031.9,7586.7,7692.3,8000.3,18689275118,1.42E+11
Bitcoin,BTC,11-06-2019,8026.4,7772.8,8004.2,7927.7,17107279932,1.41E+11
Bitcoin,BTC,12-06-2019,8196.6,7862.4,7925.4,8145.9,19034432883,1.45E+11
Bitcoin,BTC,13-06-2019,8311.6,8087.1,8145.5,8230.9,18669407147,1.46E+11
Bitcoin,BTC,14-06-2019,8710.6,8183.4,8230.9,8693.8,19831162906,1.54E+11
Bitcoin,BTC,15-06-2019,8859.1,8618.4,8689.7,8838.4,18371033227,1.57E+11
Bitcoin,BTC,16-06-2019,9335.9,8814.6,8841.4,8994.5,23348550311,1.60E+11
Bitcoin,BTC,17-06-2019,9416.4,8988.9,8988.9,9320.4,15562951919,1.66E+11
Bitcoin,BTC,18-06-2019,9348.4,9004.9,9335.5,9081.8,15848210536,1.61E+11
Bitcoin,BTC,19-06-2019,9299.6,9070.4,9078.7,9273.5,15546809946,1.65E+11
Bitcoin,BTC,20-06-2019,9594.4,9232.5,9273.1,9527.2,17846823784,1.69E+11
Bitcoin,BTC,21-06-2019,10144.6,9525.1,9525.1,10144.6,20624008643,1.80E+11
Bitcoin,BTC,22-06-2019,11157.3,10107,10175.9,10701.7,29995204861,1.90E+11
Bitcoin,BTC,23-06-2019,11246.1,10556.1,10696.7,10855.4,20998326502,1.93E+11
Bitcoin,BTC,24-06-2019,11065.9,10610.4,10853.7,11011.1,19271652365,1.96E+11
Bitcoin,BTC,25-06-2019,11790.9,11007.2,11007.2,11790.9,24879684533,2.10E+11
Bitcoin,BTC,26-06-2019,13796.5,11755.6,11778.6,13016.2,45105733173,2.31E+11
Bitcoin,BTC,27-06-2019,13311.1,10491.9,13017.1,11182.8,39977475223,1.99E+11
Bitcoin,BTC,28-06-2019,12445.2,10914.5,11162.2,12407.3,35087757766,2.21E+11
Bitcoin,BTC,29-06-2019,12400.9,11508.4,12400.8,11959.4,29923961128,2.13E+11
Bitcoin,BTC,30-06-2019,12178.4,10799,11932,10817.2,27256473495,1.92E+11
Bitcoin,BTC,01-07-2019,11206.4,10089.3,10796.9,10583.1,29378589324,1.88E+11
Bitcoin,BTC,02-07-2019,10912.2,9737.9,10588.7,10801.7,31015895223,1.92E+11
Bitcoin,BTC,03-07-2019,11968.1,10818.2,10818.2,11961.3,30796494294,2.13E+11
Bitcoin,BTC,04-07-2019,12006.1,11166.6,11972.7,11215.4,25920294033,2.00E+11
Bitcoin,BTC,05-07-2019,11395.7,10875,11203.1,10978.5,23838480210,1.95E+11
Bitcoin,BTC,06-07-2019,11621,10982.5,10982.5,11208.6,21092024306,2.00E+11
Bitcoin,BTC,07-07-2019,11541.6,11148.8,11217.6,11450.8,19369044277,2.04E+11
Bitcoin,BTC,08-07-2019,12345.8,11393.4,11446.6,12286,23482551458,2.19E+11
Bitcoin,BTC,09-07-2019,12779.1,12233.3,12284.3,12573.8,28167921523,2.24E+11
Bitcoin,BTC,10-07-2019,13129.5,11711,12571.5,12156.5,33627574244,2.17E+11
Bitcoin,BTC,11-07-2019,12144.6,11158.9,12139.7,11358.7,28595327690,2.02E+11
Bitcoin,BTC,12-07-2019,11905.5,11179.1,11354.3,11816,23534692797,2.10E+11
Bitcoin,BTC,13-07-2019,11842,10908.5,11813.1,11392.4,21042616384,2.03E+11
Bitcoin,BTC,14-07-2019,11451.2,10234.6,11381,10256.1,22486000001,1.83E+11
Bitcoin,BTC,15-07-2019,11052.8,9992,10257.8,10895.1,25384047207,1.94E+11
Bitcoin,BTC,16-07-2019,10996.6,9448.1,10896.7,9477.6,24151199070,1.69E+11
Bitcoin,BTC,17-07-2019,9963.1,9163.1,9471.2,9693.8,24569921549,1.73E+11
Bitcoin,BTC,18-07-2019,10736.8,9376.8,9698.5,10666.5,25187024648,1.90E+11
Bitcoin,BTC,19-07-2019,10717,10229.6,10654,10530.7,20727426310,1.88E+11
Bitcoin,BTC,20-07-2019,11048.7,10451.3,10525.8,10767.1,20206615155,1.92E+11
Bitcoin,BTC,21-07-2019,10841.9,10389.6,10777.5,10599.1,17130580467,1.89E+11
Bitcoin,BTC,22-07-2019,10651.8,10154.9,10596.9,10343.1,16334414913,1.84E+11
Bitcoin,BTC,23-07-2019,10346.7,9883.6,10346.7,9900.8,17851916995,1.77E+11
Bitcoin,BTC,24-07-2019,9908.8,9614.3,9887.7,9811.9,17398734322,1.75E+11
Bitcoin,BTC,25-07-2019,10154.3,9774,9809.1,9911.8,15821952091,1.77E+11
Bitcoin,BTC,26-07-2019,9916.5,9718,9913.1,9870.3,14495714483,1.76E+11
Bitcoin,BTC,27-07-2019,10167.3,9411.5,9871.2,9477.7,16817809536,1.69E+11
Bitcoin,BTC,28-07-2019,9575.5,9252.3,9491.6,9552.9,13738687093,1.70E+11
Bitcoin,BTC,29-07-2019,9681.6,9472.9,9548.2,9519.1,13791445323,1.70E+11
Bitcoin,BTC,30-07-2019,9701.8,9437.3,9522.3,9607.4,13829811132,1.71E+11
Bitcoin,BTC,31-07-2019,10085.6,9598.1,9604.1,10085.6,16631520648,1.80E+11
Bitcoin,BTC,01-08-2019,10446.9,9922,10077.4,10399.7,17165337858,1.86E+11
Bitcoin,BTC,02-08-2019,10658,10371,10402,10518.2,17489094082,1.88E+11
Bitcoin,BTC,03-08-2019,10946.8,10503.5,10519.3,10821.7,15352685061,1.93E+11
Bitcoin,BTC,04-08-2019,11009.2,10620.3,10821.6,10970.2,16530894787,1.96E+11
Bitcoin,BTC,05-08-2019,11895.1,10960.7,10960.7,11805.7,23875988832,2.11E+11
Bitcoin,BTC,06-08-2019,12273.8,11290.7,11811.5,11478.2,23635107660,2.05E+11
Bitcoin,BTC,07-08-2019,12037,11433.7,11476.2,11942,22194988641,2.13E+11
Bitcoin,BTC,08-08-2019,11979.4,11556.2,11954,11966.4,19481591730,2.14E+11
Bitcoin,BTC,09-08-2019,11970.5,11709.7,11953.5,11862.9,18339989960,2.12E+11
Bitcoin,BTC,10-08-2019,11915.7,11323.9,11861.6,11354,18125355447,2.03E+11
Bitcoin,BTC,11-08-2019,11523.6,11248.3,11349.7,11523.6,15774371518,2.06E+11
Bitcoin,BTC,12-08-2019,11528.2,11321,11528.2,11382.6,13647198229,2.03E+11
Bitcoin,BTC,13-08-2019,11420,10830.3,11385.1,10895.8,16681503537,1.95E+11
Bitcoin,BTC,14-08-2019,10889.6,10028.1,10889.5,10051.7,19990838300,1.80E+11
Bitcoin,BTC,15-08-2019,10437.4,9675.3,10038.4,10311.5,22899115082,1.84E+11
Bitcoin,BTC,16-08-2019,10524.3,9855.5,10319.4,10374.3,20228207096,1.86E+11
Bitcoin,BTC,17-08-2019,10452.6,10086.7,10358.7,10231.7,13778035685,1.83E+11
Bitcoin,BTC,18-08-2019,10487.1,10119.1,10233,10345.8,12999813869,1.85E+11
Bitcoin,BTC,19-08-2019,10916.1,10313.2,10350.3,10916.1,16038264603,1.95E+11
Bitcoin,BTC,20-08-2019,10947,10619,10916.3,10763.2,15053082175,1.93E+11
Bitcoin,BTC,21-08-2019,10798.7,9962.7,10764.6,10138,19473084768,1.81E+11
Bitcoin,BTC,22-08-2019,10233,9831.5,10142.5,10131.1,17097508856,1.81E+11
Bitcoin,BTC,23-08-2019,10442.4,10078.2,10136.3,10408,15627023886,1.86E+11
Bitcoin,BTC,24-08-2019,10418,9982.3,10407.6,10160,15451030650,1.82E+11
Bitcoin,BTC,25-08-2019,10304.6,10008.8,10160.7,10138.5,14153856610,1.81E+11
Bitcoin,BTC,26-08-2019,10512.3,10126.3,10126.3,10370.8,18438654080,1.86E+11
Bitcoin,BTC,27-08-2019,10381.3,10087.3,10372.8,10185.5,14762609503,1.82E+11
Bitcoin,BTC,28-08-2019,10279.4,9716.7,10203.4,9754.4,17603790323,1.75E+11
Bitcoin,BTC,29-08-2019,9756.8,9421.6,9756.8,9510.2,17045878501,1.70E+11
Bitcoin,BTC,30-08-2019,9656.1,9428.3,9514.8,9598.2,13595263986,1.72E+11
Bitcoin,BTC,31-08-2019,9673.2,9531.8,9597.5,9630.7,11454806419,1.72E+11
Bitcoin,BTC,01-09-2019,9796.8,9582.9,9630.6,9758,11445355859,1.75E+11
Bitcoin,BTC,02-09-2019,10396.6,9730.7,9757.5,10346.8,17248102294,1.85E+11
Bitcoin,BTC,03-09-2019,10736.1,10308.5,10345.7,10623.5,19384917989,1.90E+11
Bitcoin,BTC,04-09-2019,10762.6,10434.7,10621.2,10594.5,16742664769,1.90E+11
Bitcoin,BTC,05-09-2019,10627.3,10516.4,10588.2,10575.5,14551239508,1.89E+11
Bitcoin,BTC,06-09-2019,10898.8,10292.3,10578.2,10353.3,19536574783,1.86E+11
Bitcoin,BTC,07-09-2019,10558.7,10348.9,10353.9,10517.3,15307366477,1.88E+11
Bitcoin,BTC,08-09-2019,10595.6,10409.1,10518.1,10441.3,13670567493,1.87E+11
Bitcoin,BTC,09-09-2019,10450.3,10144.9,10443.2,10335,17595943368,1.85E+11
Bitcoin,BTC,10-09-2019,10394.4,10020.6,10336.4,10116,14906809639,1.81E+11
Bitcoin,BTC,11-09-2019,10215.9,9980.8,10123,10178.4,15428063426,1.83E+11
Bitcoin,BTC,12-09-2019,10442.3,10099.2,10176.8,10410.1,15323563925,1.87E+11
Bitcoin,BTC,13-09-2019,10441.5,10226.6,10415.4,10360.5,14109864675,1.86E+11
Bitcoin,BTC,14-09-2019,10422.1,10291.7,10345.4,10358,13468713124,1.86E+11
Bitcoin,BTC,15-09-2019,10387,10313.1,10356.5,10347.7,12043433567,1.86E+11
Bitcoin,BTC,16-09-2019,10386.9,10189.7,10347.2,10276.8,15160167779,1.84E+11
Bitcoin,BTC,17-09-2019,10296.8,10199.7,10281.5,10241.3,15304603363,1.84E+11
Bitcoin,BTC,18-09-2019,10275.9,10191.5,10247.8,10198.2,16169268880,1.83E+11
Bitcoin,BTC,19-09-2019,10295.7,9851.7,10200.5,10266.4,19937691247,1.84E+11
Bitcoin,BTC,20-09-2019,10285.9,10132.2,10266.3,10181.6,14734189639,1.83E+11
Bitcoin,BTC,21-09-2019,10188.1,10000.7,10183.6,10019.7,13425266806,1.80E+11
Bitcoin,BTC,22-09-2019,10074.4,9922.5,10024.1,10070.4,13199651699,1.81E+11
Bitcoin,BTC,23-09-2019,10074.2,9727.1,10068,9729.3,15144925408,1.75E+11
Bitcoin,BTC,24-09-2019,9804.3,8370.8,9729.3,8620.6,25002886689,1.55E+11
Bitcoin,BTC,25-09-2019,8744.8,8325.4,8603.4,8487,21744728353,1.52E+11
Bitcoin,BTC,26-09-2019,8515.7,7895.6,8487.7,8119,19258205289,1.46E+11
Bitcoin,BTC,27-09-2019,8271.5,7965.9,8113.1,8251.8,16408941156,1.48E+11
Bitcoin,BTC,28-09-2019,8285.6,8125.4,8251.3,8245.9,14141152736,1.48E+11
Bitcoin,BTC,29-09-2019,8261.7,7990.5,8246,8104.2,13034629109,1.46E+11
Bitcoin,BTC,30-09-2019,8314.2,7830.8,8104.2,8293.9,17115474184,1.49E+11
Bitcoin,BTC,01-10-2019,8497.7,8232.7,8299.7,8343.3,15305343413,1.50E+11
Bitcoin,BTC,02-10-2019,8393,8227.7,8344.2,8393,13125712443,1.51E+11
Bitcoin,BTC,03-10-2019,8414.2,8146.4,8390.8,8260,13668823409,1.48E+11
Bitcoin,BTC,04-10-2019,8260.1,8151.2,8259.5,8205.9,13139456229,1.47E+11
Bitcoin,BTC,05-10-2019,8215.5,8071.1,8210.1,8151.5,12200497197,1.47E+11
Bitcoin,BTC,06-10-2019,8161.4,7958.9,8149.9,7988.2,13160830305,1.44E+11
Bitcoin,BTC,07-10-2019,8308.5,7905.8,7989.1,8245.6,18009742607,1.48E+11
Bitcoin,BTC,08-10-2019,8332.7,8185.8,8246.8,8228.8,15592264032,1.48E+11
Bitcoin,BTC,09-10-2019,8627.7,8169.3,8229.8,8595.7,19384942333,1.55E+11
Bitcoin,BTC,10-10-2019,8625.3,8471.9,8585.3,8586.5,17618660671,1.54E+11
Bitcoin,BTC,11-10-2019,8721.8,8316.2,8585.3,8321.8,19604381101,1.50E+11
Bitcoin,BTC,12-10-2019,8415.2,8313.3,8315.7,8336.6,14532641605,1.50E+11
Bitcoin,BTC,13-10-2019,8471,8276.6,8336.9,8321,13808286059,1.50E+11
Bitcoin,BTC,14-10-2019,8390.2,8284.1,8320.8,8374.7,15151387859,1.51E+11
Bitcoin,BTC,15-10-2019,8410.7,8182.7,8373.5,8205.4,15220412632,1.48E+11
Bitcoin,BTC,16-10-2019,8216.8,7985.1,8204.7,8047.5,16071646996,1.45E+11
Bitcoin,BTC,17-10-2019,8134.8,8000.9,8047.8,8103.9,14313052244,1.46E+11
Bitcoin,BTC,18-10-2019,8138.4,7902.2,8100.9,7973.2,15651592610,1.44E+11
Bitcoin,BTC,19-10-2019,8082.6,7944.8,7973.8,7988.6,13797825640,1.44E+11
Bitcoin,BTC,20-10-2019,8281.8,7949.4,7997.8,8222.1,15504249442,1.48E+11
Bitcoin,BTC,21-10-2019,8296.7,8196.4,8225.1,8243.7,15868748866,1.48E+11
Bitcoin,BTC,22-10-2019,8296.7,8074.5,8243.4,8078.2,16803377857,1.45E+11
Bitcoin,BTC,23-10-2019,8093,7469.3,8076.2,7514.7,21942878958,1.35E+11
Bitcoin,BTC,24-10-2019,7532.9,7447,7509.7,7493.5,16268708849,1.35E+11
Bitcoin,BTC,25-10-2019,8691.5,7480,7490.7,8660.7,28705065488,1.56E+11
Bitcoin,BTC,26-10-2019,10021.7,8662.6,8667.6,9245,44496255609,1.67E+11
Bitcoin,BTC,27-10-2019,9749.5,9112.5,9241.7,9551.7,32593129501,1.72E+11
Bitcoin,BTC,28-10-2019,9805.1,9256.1,9565.1,9256.1,30948255332,1.67E+11
Bitcoin,BTC,29-10-2019,9516.2,9232.6,9248.4,9427.7,28426779937,1.70E+11
Bitcoin,BTC,30-10-2019,9426.9,9085.4,9422.5,9205.7,27706531578,1.66E+11
Bitcoin,BTC,31-10-2019,9383.2,9028.7,9202.5,9199.6,26583653947,1.66E+11
Bitcoin,BTC,01-11-2019,9275.7,9132,9194,9261.1,24324691031,1.67E+11
Bitcoin,BTC,02-11-2019,9377.5,9249.6,9259.8,9324.7,21242676385,1.68E+11
Bitcoin,BTC,03-11-2019,9379.8,9141.3,9324.8,9235.4,21132220848,1.66E+11
Bitcoin,BTC,04-11-2019,9505.1,9191.5,9235.6,9412.6,26170255634,1.70E+11
Bitcoin,BTC,05-11-2019,9457.4,9256.9,9413,9342.5,26198609048,1.68E+11
Bitcoin,BTC,06-11-2019,9423.2,9305.9,9340.9,9360.9,23133895765,1.69E+11
Bitcoin,BTC,07-11-2019,9368.5,9202.4,9352.4,9267.6,22700383839,1.67E+11
Bitcoin,BTC,08-11-2019,9272.8,8775.5,9265.4,8804.9,24333037836,1.59E+11
Bitcoin,BTC,09-11-2019,8891.8,8793.2,8809.5,8813.6,17578630606,1.59E+11
Bitcoin,BTC,10-11-2019,9103.8,8806.2,8812.5,9055.5,20587919881,1.63E+11
Bitcoin,BTC,11-11-2019,9081.3,8700.6,9056.9,8757.8,20265510765,1.58E+11
Bitcoin,BTC,12-11-2019,8853.8,8685.4,8759.8,8815.7,20309769107,1.59E+11
Bitcoin,BTC,13-11-2019,8836.8,8761.7,8812,8808.3,17545755405,1.59E+11
Bitcoin,BTC,14-11-2019,8826.9,8692.6,8811.9,8708.1,19084739975,1.57E+11
Bitcoin,BTC,15-11-2019,8730.9,8484.8,8705.7,8492,21796856471,1.53E+11
Bitcoin,BTC,16-11-2019,8592,8474,8491.2,8550.8,16495389808,1.54E+11
Bitcoin,BTC,17-11-2019,8727.8,8501,8549.5,8578,18668638897,1.55E+11
Bitcoin,BTC,18-11-2019,8653.3,8273.6,8574,8309.3,21579470673,1.50E+11
Bitcoin,BTC,19-11-2019,8408.5,8100,8305.1,8206.1,21083613816,1.48E+11
Bitcoin,BTC,20-11-2019,8237.2,8010.5,8203.6,8027.3,20764300437,1.45E+11
Bitcoin,BTC,21-11-2019,8110.1,7597.4,8023.6,7642.7,22514243372,1.38E+11
Bitcoin,BTC,22-11-2019,7697.4,6936.7,7643.6,7296.6,34242315785,1.32E+11
Bitcoin,BTC,23-11-2019,7442.3,7151.4,7296.2,7397.8,21008924418,1.34E+11
Bitcoin,BTC,24-11-2019,7408.6,7029.3,7398.6,7047.9,30433517290,1.27E+11
Bitcoin,BTC,25-11-2019,7319.9,6617.2,7040,7146.1,42685231262,1.29E+11
Bitcoin,BTC,26-11-2019,7320.2,7098.6,7145.2,7218.4,21129505543,1.30E+11
Bitcoin,BTC,27-11-2019,7619.7,6974.2,7220.9,7531.7,23991412764,1.36E+11
Bitcoin,BTC,28-11-2019,7730.1,7454.1,7536.8,7463.1,19050116751,1.35E+11
Bitcoin,BTC,29-11-2019,7781.2,7460.8,7466.7,7761.2,19709695456,1.40E+11
Bitcoin,BTC,30-11-2019,7836.1,7515.8,7764.1,7569.6,17158194786,1.37E+11
Bitcoin,BTC,01-12-2019,7571.6,7291.3,7571.6,7424.3,18720708479,1.34E+11
Bitcoin,BTC,02-12-2019,7474.8,7233.4,7424,7322,17082040706,1.32E+11
Bitcoin,BTC,03-12-2019,7418.9,7229.4,7324,7320.1,14797485769,1.32E+11
Bitcoin,BTC,04-12-2019,7539.8,7170.9,7320.1,7252,21664240919,1.31E+11
Bitcoin,BTC,05-12-2019,7743.4,7232.7,7253.2,7448.3,18816085231,1.35E+11
Bitcoin,BTC,06-12-2019,7547,7392.2,7450.6,7547,18104466307,1.37E+11
Bitcoin,BTC,07-12-2019,7590,7525.7,7547.3,7556.2,15453520564,1.37E+11
Bitcoin,BTC,08-12-2019,7634.6,7476.1,7551.3,7564.3,15409908086,1.37E+11
Bitcoin,BTC,09-12-2019,7618.1,7366,7561.8,7400.9,17872021272,1.34E+11
Bitcoin,BTC,10-12-2019,7424,7246,7397.1,7278.1,18249031195,1.32E+11
Bitcoin,BTC,11-12-2019,7324.2,7195.5,7277.2,7217.4,16350490689,1.31E+11
Bitcoin,BTC,12-12-2019,7266.6,7164.7,7216.7,7243.1,18927080224,1.31E+11
Bitcoin,BTC,13-12-2019,7293.6,7227.1,7244.7,7269.7,17125736940,1.32E+11
Bitcoin,BTC,14-12-2019,7308.8,7097.2,7268.9,7124.7,17137029730,1.29E+11
Bitcoin,BTC,15-12-2019,7181.1,6924.4,7124.2,7152.3,16881129804,1.29E+11
Bitcoin,BTC,16-12-2019,7171.2,6903.7,7153.7,6932.5,20213265950,1.26E+11
Bitcoin,BTC,17-12-2019,6964.1,6588,6931.3,6640.5,22363804217,1.20E+11
Bitcoin,BTC,18-12-2019,7325,6540,6647.7,7276.8,31836522778,1.32E+11
Bitcoin,BTC,19-12-2019,7346.6,7041.4,7277.6,7202.8,25904604416,1.30E+11
Bitcoin,BTC,20-12-2019,7257.9,7086.1,7208.6,7218.8,22633815180,1.31E+11
Bitcoin,BTC,21-12-2019,7223.2,7112.7,7220.6,7191.2,19312552168,1.30E+11
Bitcoin,BTC,22-12-2019,7518,7167.2,7191.2,7511.6,23134537956,1.36E+11
Bitcoin,BTC,23-12-2019,7656.2,7326.2,7508.9,7355.6,27831788041,1.33E+11
Bitcoin,BTC,24-12-2019,7535.7,7269.5,7354.4,7322.5,22991622105,1.33E+11
Bitcoin,BTC,25-12-2019,7357,7221,7325.8,7275.2,21559505149,1.32E+11
Bitcoin,BTC,26-12-2019,7388.3,7200.4,7274.8,7239,22787010034,1.31E+11
Bitcoin,BTC,27-12-2019,7363.5,7189.9,7238.1,7290.1,22777360996,1.32E+11
Bitcoin,BTC,28-12-2019,7399,7286.9,7289,7318,21365673026,1.33E+11
Bitcoin,BTC,29-12-2019,7513.9,7279.9,7317.6,7422.7,22445257702,1.35E+11
Bitcoin,BTC,30-12-2019,7454.8,7276.3,7420.3,7293,22874131672,1.32E+11
Bitcoin,BTC,31-12-2019,7335.3,7169.8,7294.4,7193.6,21167946112,1.30E+11
Bitcoin,BTC,01-01-2020,7254.3,7174.9,7194.9,7200.2,18565664997,1.31E+11
Bitcoin,BTC,02-01-2020,7212.2,6935.3,7202.6,6985.5,20802083465,1.27E+11
Bitcoin,BTC,03-01-2020,7413.7,6915,6984.4,7344.9,28111481032,1.33E+11
Bitcoin,BTC,04-01-2020,7427.4,7309.5,7345.4,7410.7,18444271275,1.34E+11
Bitcoin,BTC,05-01-2020,7544.5,7400.5,7410.5,7411.3,19725074095,1.34E+11
Bitcoin,BTC,06-01-2020,7781.9,7409.3,7410.5,7769.2,23276261598,1.41E+11
Bitcoin,BTC,07-01-2020,8178.2,7768.2,7768.7,8163.7,28767291327,1.48E+11
Bitcoin,BTC,08-01-2020,8396.7,7956.8,8161.9,8079.9,31672559265,1.47E+11
Bitcoin,BTC,09-01-2020,8082.3,7842.4,8082.3,7879.1,24045990466,1.43E+11
Bitcoin,BTC,10-01-2020,8166.6,7726.8,7878.3,8166.6,28714583844,1.48E+11
Bitcoin,BTC,11-01-2020,8218.4,8029.6,8162.2,8037.5,25521165085,1.46E+11
Bitcoin,BTC,12-01-2020,8200.1,8009.1,8033.3,8192.5,22903438381,1.49E+11
Bitcoin,BTC,13-01-2020,8197.8,8079.7,8189.8,8144.2,22482910688,1.48E+11
Bitcoin,BTC,14-01-2020,8879.5,8140.9,8140.9,8827.8,44841784107,1.60E+11
Bitcoin,BTC,15-01-2020,8890.1,8657.2,8825.3,8807,40102834650,1.60E+11
Bitcoin,BTC,16-01-2020,8846.5,8612.1,8812.5,8723.8,31313981931,1.58E+11
Bitcoin,BTC,17-01-2020,8958.1,8677.3,8725.2,8929,36372139320,1.62E+11
Bitcoin,BTC,18-01-2020,9012.2,8827.3,8927.2,8942.8,32337772627,1.62E+11
Bitcoin,BTC,19-01-2020,9164.4,8620.1,8941.4,8706.2,34217320471,1.58E+11
Bitcoin,BTC,20-01-2020,8745.6,8560.5,8704.6,8657.6,26422375678,1.57E+11
Bitcoin,BTC,21-01-2020,8755.7,8544.5,8659,8745.9,24097418512,1.59E+11
Bitcoin,BTC,22-01-2020,8793,8636.7,8744.2,8680.9,22600204051,1.58E+11
Bitcoin,BTC,23-01-2020,8687.7,8333.6,8680.7,8406.5,25770680779,1.53E+11
Bitcoin,BTC,24-01-2020,8514.7,8266.8,8405.6,8445.4,24397913026,1.54E+11
Bitcoin,BTC,25-01-2020,8458.5,8296.2,8440.1,8367.8,19647331549,1.52E+11
Bitcoin,BTC,26-01-2020,8602.4,8325.5,8364.4,8596.8,22177678796,1.56E+11
Bitcoin,BTC,27-01-2020,8977.7,8597.3,8597.3,8909.8,28647338393,1.62E+11
Bitcoin,BTC,28-01-2020,9358.6,8908.4,8912.5,9358.6,34398744403,1.70E+11
Bitcoin,BTC,29-01-2020,9406.4,9269.5,9357.5,9316.6,30682598116,1.69E+11
Bitcoin,BTC,30-01-2020,9553.1,9230.9,9316,9509,32378792851,1.73E+11
Bitcoin,BTC,31-01-2020,9521.7,9230.8,9508.3,9350.5,29432489719,1.70E+11
Bitcoin,BTC,01-02-2020,9439.3,9313.2,9346.4,9392.9,25922656496,1.71E+11
Bitcoin,BTC,02-02-2020,9468.8,9217.8,9389.8,9344.4,30835736946,1.70E+11
Bitcoin,BTC,03-02-2020,9540.4,9248.6,9344.7,9293.5,30934096509,1.69E+11
Bitcoin,BTC,04-02-2020,9331.3,9112.8,9292.8,9181,29893183716,1.67E+11
Bitcoin,BTC,05-02-2020,9701.3,9163.7,9183.4,9613.4,35222060875,1.75E+11
Bitcoin,BTC,06-02-2020,9824.6,9539.8,9617.8,9729.8,37628823716,1.77E+11
Bitcoin,BTC,07-02-2020,9834.7,9726,9726,9795.9,34522718160,1.78E+11
Bitcoin,BTC,08-02-2020,9876.7,9678.9,9793.1,9865.1,35172043762,1.80E+11
Bitcoin,BTC,09-02-2020,10129.4,9850.4,9863.9,10116.7,35807884663,1.84E+11
Bitcoin,BTC,10-02-2020,10165.8,9784.6,10115.6,9856.6,39386548075,1.79E+11
Bitcoin,BTC,11-02-2020,10210.1,9729.3,9855.9,10208.2,37648059389,1.86E+11
Bitcoin,BTC,12-02-2020,10393.6,10202.4,10202.4,10326.1,43444303830,1.88E+11
Bitcoin,BTC,13-02-2020,10457.6,10116.2,10324,10214.4,49356071373,1.86E+11
Bitcoin,BTC,14-02-2020,10322,10125.5,10211.6,10312.1,43338264162,1.88E+11
Bitcoin,BTC,15-02-2020,10341.6,9874.4,10313.9,9889.4,43865054831,1.80E+11
Bitcoin,BTC,16-02-2020,10054,9722.4,9889.2,9934.4,43374780305,1.81E+11
Bitcoin,BTC,17-02-2020,9938.8,9507.6,9936.6,9690.1,45998298413,1.77E+11
Bitcoin,BTC,18-02-2020,10161.9,9632.4,9691.2,10142,47271023953,1.85E+11
Bitcoin,BTC,19-02-2020,10191.7,9611.2,10143.8,9633.4,46992019710,1.76E+11
Bitcoin,BTC,20-02-2020,9643.2,9507.9,9629.3,9608.5,44925260237,1.75E+11
Bitcoin,BTC,21-02-2020,9723,9589.7,9611.8,9686.4,40930547513,1.77E+11
Bitcoin,BTC,22-02-2020,9698.2,9600.7,9687.7,9663.2,35838025154,1.76E+11
Bitcoin,BTC,23-02-2020,9937.4,9657.8,9663.3,9924.5,41185185762,1.81E+11
Bitcoin,BTC,24-02-2020,9951.7,9537,9921.6,9650.2,45080496648,1.76E+11
Bitcoin,BTC,25-02-2020,9652.7,9305,9651.3,9341.7,42515259129,1.70E+11
Bitcoin,BTC,26-02-2020,9354.8,8704.4,9338.3,8820.5,50420050762,1.61E+11
Bitcoin,BTC,27-02-2020,8932.9,8577.2,8825.1,8784.5,45470195695,1.60E+11
Bitcoin,BTC,28-02-2020,8890.5,8492.9,8788.7,8672.5,44605450443,1.58E+11
Bitcoin,BTC,29-02-2020,8775.6,8599.5,8671.2,8599.5,35792392544,1.57E+11
Bitcoin,BTC,01-03-2020,8726.8,8471.2,8599.8,8562.5,35349164300,1.56E+11
Bitcoin,BTC,02-03-2020,8921.3,8532.6,8563.3,8869.7,42857674409,1.62E+11
Bitcoin,BTC,03-03-2020,8901.6,8705,8865.4,8787.8,42386715821,1.60E+11
Bitcoin,BTC,04-03-2020,8843.4,8712.4,8788.5,8755.2,34746706368,1.60E+11
Bitcoin,BTC,05-03-2020,9142.1,8757.3,8760.3,9078.8,39698054597,1.66E+11
Bitcoin,BTC,06-03-2020,9167.7,9032.1,9078.3,9122.5,40826885651,1.67E+11
Bitcoin,BTC,07-03-2020,9163.2,8890.7,9121.6,8910,36216930370,1.63E+11
Bitcoin,BTC,08-03-2020,8914.3,8105.3,8908.2,8108.1,39973102121,1.48E+11
Bitcoin,BTC,09-03-2020,8177.8,7690.1,8111.1,7923.6,46936995808,1.45E+11
Bitcoin,BTC,10-03-2020,8136.9,7814.8,7922.1,7909.7,42213940994,1.44E+11
Bitcoin,BTC,11-03-2020,7950.8,7642.8,7910.1,7911.4,38682762605,1.45E+11
Bitcoin,BTC,12-03-2020,7929.1,4860.4,7913.6,4970.8,53980357243,90804613601
Bitcoin,BTC,13-03-2020,5838.1,4107,5017.8,5563.7,74156772075,1.02E+11
Bitcoin,BTC,14-03-2020,5625.2,5125.1,5573.1,5200.4,36154506008,95014981944
Bitcoin,BTC,15-03-2020,5836.6,5169.3,5201.1,5392.3,33997889639,98530059890
Bitcoin,BTC,16-03-2020,5385.2,4575.4,5385.2,5014.5,45368026430,91633478851
Bitcoin,BTC,17-03-2020,5371.3,4981.9,5002.6,5225.6,38622642935,95499941183
Bitcoin,BTC,18-03-2020,5331.8,5069.3,5227.1,5238.4,37878801016,95740715529
Bitcoin,BTC,19-03-2020,6329.7,5237,5245.4,6191.2,51000731797,1.13E+11
Bitcoin,BTC,20-03-2020,6844.3,5865.8,6191.7,6198.8,54442976103,1.13E+11
Bitcoin,BTC,21-03-2020,6378.1,5932.8,6206.5,6185.1,42494390880,1.13E+11
Bitcoin,BTC,22-03-2020,6359.7,5823.7,6185.6,5830.3,40099664740,1.07E+11
Bitcoin,BTC,23-03-2020,6443.9,5785,5831.4,6416.3,46491916000,1.17E+11
Bitcoin,BTC,24-03-2020,6789,6411.1,6436.6,6734.8,48221910672,1.23E+11
Bitcoin,BTC,25-03-2020,6892.5,6536.9,6738.7,6681.1,44590107888,1.22E+11
Bitcoin,BTC,26-03-2020,6735.5,6591,6675.2,6716.4,35319797642,1.23E+11
Bitcoin,BTC,27-03-2020,6793.8,6466.7,6719.4,6469.8,34585598367,1.18E+11
Bitcoin,BTC,28-03-2020,6467.5,6117.8,6467.3,6242.2,34885225901,1.14E+11
Bitcoin,BTC,29-03-2020,6250.5,5920.1,6245.6,5922,28373690931,1.08E+11
Bitcoin,BTC,30-03-2020,6517.2,5903.2,5925.5,6429.8,37101651525,1.18E+11
Bitcoin,BTC,31-03-2020,6504.5,6374.2,6430.6,6438.6,32786468812,1.18E+11
Bitcoin,BTC,01-04-2020,6612.6,6202.4,6437.3,6606.8,40346426266,1.21E+11
Bitcoin,BTC,02-04-2020,7088.2,6595.9,6606.8,6793.6,47660646124,1.24E+11
Bitcoin,BTC,03-04-2020,7003.2,6673.3,6797.4,6733.4,38976504903,1.23E+11
Bitcoin,BTC,04-04-2020,6879,6696.5,6738.4,6867.5,33185988584,1.26E+11
Bitcoin,BTC,05-04-2020,6883.4,6715.9,6862.5,6791.1,29510409856,1.24E+11
Bitcoin,BTC,06-04-2020,7271.8,6782.9,6788,7271.8,46896904615,1.33E+11
Bitcoin,BTC,07-04-2020,7427.9,7136.7,7273.6,7176.4,44243482668,1.31E+11
Bitcoin,BTC,08-04-2020,7356.2,7153.3,7179.3,7334.1,37563249549,1.34E+11
Bitcoin,BTC,09-04-2020,7341.4,7179.1,7338,7302.1,34815139178,1.34E+11
Bitcoin,BTC,10-04-2020,7303.8,6802.5,7303.8,6865.5,43622840992,1.26E+11
Bitcoin,BTC,11-04-2020,6926.1,6789.9,6867.4,6859.1,31222085946,1.26E+11
Bitcoin,BTC,12-04-2020,7119.9,6811.1,6858.1,6971.1,35759567632,1.28E+11
Bitcoin,BTC,13-04-2020,6965.6,6668.3,6965.6,6845,38619308647,1.25E+11
Bitcoin,BTC,14-04-2020,6958.6,6793.8,6843.3,6842.4,34110434052,1.25E+11
Bitcoin,BTC,15-04-2020,6928.7,6633.4,6845.6,6642.1,32288311031,1.22E+11
Bitcoin,BTC,16-04-2020,7134.5,6555.5,6640.5,7116.8,46783242377,1.30E+11
Bitcoin,BTC,17-04-2020,7167.2,7050.3,7116.6,7096.2,32513423567,1.30E+11
Bitcoin,BTC,18-04-2020,7270,7089.2,7092.3,7257.7,32447188386,1.33E+11
Bitcoin,BTC,19-04-2020,7280.5,7167.1,7260.9,7189.4,31311210215,1.32E+11
Bitcoin,BTC,20-04-2020,7240.3,6835.5,7186.9,6882,37747113936,1.26E+11
Bitcoin,BTC,21-04-2020,6934.6,6834.4,6879.8,6880.3,32589741511,1.26E+11
Bitcoin,BTC,22-04-2020,7145.9,6867.8,6879.4,7117.2,33249153866,1.31E+11
Bitcoin,BTC,23-04-2020,7491.8,7081.6,7121.3,7429.7,43500782316,1.36E+11
Bitcoin,BTC,24-04-2020,7574.2,7434.2,7434.2,7550.9,34636526286,1.39E+11
Bitcoin,BTC,25-04-2020,7641.4,7521.7,7550.5,7569.9,32941541447,1.39E+11
Bitcoin,BTC,26-04-2020,7700.6,7561.4,7570.1,7679.9,33070154491,1.41E+11
Bitcoin,BTC,27-04-2020,7795.6,7679.4,7679.4,7795.6,36162144725,1.43E+11
Bitcoin,BTC,28-04-2020,7814.5,7730.8,7797,7807.1,33187959921,1.43E+11
Bitcoin,BTC,29-04-2020,8871.8,7786,7806.7,8801,60201052203,1.62E+11
Bitcoin,BTC,30-04-2020,9440.7,8533.3,8797.7,8658.6,66964629541,1.59E+11
Bitcoin,BTC,01-05-2020,9048,8667.8,8672.8,8864.8,44068389997,1.63E+11
Bitcoin,BTC,02-05-2020,9007.2,8811.4,8869.1,8988.6,40134388683,1.65E+11
Bitcoin,BTC,03-05-2020,9167.8,8831,8983.6,8897.5,47101785174,1.63E+11
Bitcoin,BTC,04-05-2020,8956.9,8645,8895.7,8912.7,45718796276,1.64E+11
Bitcoin,BTC,05-05-2020,9062.4,8856.8,8912.8,9003.1,43148462663,1.65E+11
Bitcoin,BTC,06-05-2020,9411.5,8966.7,9007.4,9268.8,49371886932,1.70E+11
Bitcoin,BTC,07-05-2020,9992.7,9138.3,9261.9,9951.5,61112700562,1.83E+11
Bitcoin,BTC,08-05-2020,9996.7,9767.2,9936.2,9842.7,51780748042,1.81E+11
Bitcoin,BTC,09-05-2020,9913.9,9580.6,9840.9,9593.9,46566121841,1.76E+11
Bitcoin,BTC,10-05-2020,9595.6,8395.1,9591.2,8756.4,63325279337,1.61E+11
Bitcoin,BTC,11-05-2020,9033.5,8374.3,8755.5,8601.8,57119858802,1.58E+11
Bitcoin,BTC,12-05-2020,8949.9,8569.6,8610.4,8804.5,42142717533,1.62E+11
Bitcoin,BTC,13-05-2020,9317.9,8805.4,8805.4,9270,45558144023,1.70E+11
Bitcoin,BTC,14-05-2020,9793.3,9255,9271.3,9733.7,56426907637,1.79E+11
Bitcoin,BTC,15-05-2020,9755.8,9261.4,9734.3,9328.2,48158802327,1.71E+11
Bitcoin,BTC,16-05-2020,9564.2,9260.7,9333.2,9377,36164766408,1.72E+11
Bitcoin,BTC,17-05-2020,9823,9349.5,9374.9,9670.7,40084250663,1.78E+11
Bitcoin,BTC,18-05-2020,9906,9570.4,9675.7,9726.6,41827139896,1.79E+11
Bitcoin,BTC,19-05-2020,9836,9539.6,9727.1,9729,39254288955,1.79E+11
Bitcoin,BTC,20-05-2020,9804.8,9447.2,9725.3,9523,36546239703,1.75E+11
Bitcoin,BTC,21-05-2020,9555.2,8869.9,9522.7,9081.8,39326160532,1.67E+11
Bitcoin,BTC,22-05-2020,9232.9,9008.6,9080.3,9182.6,29810773699,1.69E+11
Bitcoin,BTC,23-05-2020,9302.5,9118.1,9185.1,9209.3,27727866812,1.69E+11
Bitcoin,BTC,24-05-2020,9288.4,8787.3,9212.3,8790.4,32518803300,1.62E+11
Bitcoin,BTC,25-05-2020,8951,8719.7,8786.1,8906.9,31288157264,1.64E+11
Bitcoin,BTC,26-05-2020,8992,8757.3,8909.6,8835.1,29584186947,1.62E+11
Bitcoin,BTC,27-05-2020,9203.3,8834.2,8837.4,9181,32740536902,1.69E+11
Bitcoin,BTC,28-05-2020,9546.3,9148.5,9184.9,9525.8,34367073115,1.75E+11
Bitcoin,BTC,29-05-2020,9573.7,9379.3,9528.4,9439.1,32896642044,1.74E+11
Bitcoin,BTC,30-05-2020,9704,9366.7,9438.9,9700.4,32722975141,1.78E+11
Bitcoin,BTC,31-05-2020,9700.3,9432.3,9700.1,9461.1,27773290299,1.74E+11
Bitcoin,BTC,01-06-2020,10199.6,9450.9,9463.6,10167.3,35198901068,1.87E+11
Bitcoin,BTC,02-06-2020,10182.3,9460.6,10163,9529.8,39137252109,1.75E+11
Bitcoin,BTC,03-06-2020,9682.9,9471.8,9533.8,9656.7,25007459262,1.78E+11
Bitcoin,BTC,04-06-2020,9887.6,9525.2,9655.9,9800.6,25921805072,1.80E+11
Bitcoin,BTC,05-06-2020,9869.2,9663.2,9800.2,9665.5,23509628646,1.78E+11
Bitcoin,BTC,06-06-2020,9773.4,9591,9664.9,9653.7,20438419222,1.78E+11
Bitcoin,BTC,07-06-2020,9768.5,9458.2,9653,9758.9,25015250846,1.80E+11
Bitcoin,BTC,08-06-2020,9782.3,9675.9,9760.1,9771.5,21486346312,1.80E+11
Bitcoin,BTC,09-06-2020,9836.4,9664.7,9774.4,9795.7,23717842783,1.80E+11
Bitcoin,BTC,10-06-2020,9908.9,9728.3,9794.1,9870.1,25706567601,1.82E+11
Bitcoin,BTC,11-06-2020,9938.3,9263.1,9870.1,9321.8,30247143440,1.72E+11
Bitcoin,BTC,12-06-2020,9540.5,9285.9,9320.7,9480.8,22610564515,1.74E+11
Bitcoin,BTC,13-06-2020,9493.2,9396,9480.7,9475.3,17564322315,1.74E+11
Bitcoin,BTC,14-06-2020,9482.3,9347.6,9477.6,9386.8,18991732746,1.73E+11
Bitcoin,BTC,15-06-2020,9504.9,8990.2,9386,9450.7,26699704769,1.74E+11
Bitcoin,BTC,16-06-2020,9579.4,9400.4,9454.3,9538,21565537209,1.76E+11
Bitcoin,BTC,17-06-2020,9540.4,9327.3,9533.8,9480.3,20177709879,1.75E+11
Bitcoin,BTC,18-06-2020,9482.8,9328.4,9481.6,9411.8,17770083003,1.73E+11
Bitcoin,BTC,19-06-2020,9440.9,9274.3,9410.3,9288,19632223107,1.71E+11
Bitcoin,BTC,20-06-2020,9395,9247.4,9291,9332.3,17130541557,1.72E+11
Bitcoin,BTC,21-06-2020,9401.1,9300.4,9330.9,9303.6,15324301169,1.71E+11
Bitcoin,BTC,22-06-2020,9655.1,9296.9,9300.9,9648.7,21104009514,1.78E+11
Bitcoin,BTC,23-06-2020,9670.5,9547.2,9644.1,9629.7,17006433272,1.77E+11
Bitcoin,BTC,24-06-2020,9680.4,9278.2,9632.1,9313.6,18961716076,1.71E+11
Bitcoin,BTC,25-06-2020,9340.2,9095.3,9314.1,9264.8,18616048626,1.71E+11
Bitcoin,BTC,26-06-2020,9310.5,9101.7,9261,9162.9,18341465837,1.69E+11
Bitcoin,BTC,27-06-2020,9207.8,8998.2,9167.8,9045.4,17273093144,1.67E+11
Bitcoin,BTC,28-06-2020,9197.5,8975.5,9048.5,9143.6,14560870760,1.68E+11
Bitcoin,BTC,29-06-2020,9237.6,9041.9,9140,9190.9,16460547078,1.69E+11
Bitcoin,BTC,30-06-2020,9217.8,9084.8,9185.6,9138,15735797744,1.68E+11
Bitcoin,BTC,01-07-2020,9309.8,9104.7,9146,9228.3,15971550355,1.70E+11
Bitcoin,BTC,02-07-2020,9275,9036.6,9231.1,9123.4,16338916796,1.68E+11
Bitcoin,BTC,03-07-2020,9202.3,9058.8,9124.8,9087.3,13078970999,1.67E+11
Bitcoin,BTC,04-07-2020,9183.3,9053.6,9084.2,9132.5,12290528515,1.68E+11
Bitcoin,BTC,05-07-2020,9162.2,8977,9126.1,9073.9,12903406143,1.67E+11
Bitcoin,BTC,06-07-2020,9375.5,9058.7,9072.9,9375.5,17889263252,1.73E+11
Bitcoin,BTC,07-07-2020,9360.6,9201.8,9349.2,9252.3,13839652595,1.70E+11
Bitcoin,BTC,08-07-2020,9450.3,9249.5,9253,9428.3,19702359883,1.74E+11
Bitcoin,BTC,09-07-2020,9431.4,9235,9428,9278,18000702524,1.71E+11
Bitcoin,BTC,10-07-2020,9287.5,9118,9273.4,9278.8,16860035605,1.71E+11
Bitcoin,BTC,11-07-2020,9293.5,9199.5,9277.5,9240.3,13249910444,1.70E+11
Bitcoin,BTC,12-07-2020,9319.4,9197.5,9241.1,9276.5,14452361907,1.71E+11
Bitcoin,BTC,13-07-2020,9306.4,9224.3,9277.2,9243.6,17519821267,1.70E+11
Bitcoin,BTC,14-07-2020,9283.8,9171.7,9238.7,9243.2,18085038363,1.70E+11
Bitcoin,BTC,15-07-2020,9275.3,9171.9,9241.9,9192.8,15844731575,1.69E+11
Bitcoin,BTC,16-07-2020,9214.3,9088.9,9192,9132.2,15713967523,1.68E+11
Bitcoin,BTC,17-07-2020,9182.3,9089.2,9131.8,9151.4,13944570750,1.69E+11
Bitcoin,BTC,18-07-2020,9231,9100.8,9151.2,9159,12252601475,1.69E+11
Bitcoin,BTC,19-07-2020,9201.4,9097.6,9158,9185.8,12939002784,1.69E+11
Bitcoin,BTC,20-07-2020,9214.3,9137.5,9187.2,9164.2,13755604146,1.69E+11
Bitcoin,BTC,21-07-2020,9407.3,9149.4,9162.5,9374.9,18069581956,1.73E+11
Bitcoin,BTC,22-07-2020,9530.5,9319.7,9375.1,9525.4,16532254884,1.76E+11
Bitcoin,BTC,23-07-2020,9610.2,9483,9527.1,9581.1,18146399002,1.77E+11
Bitcoin,BTC,24-07-2020,9623.3,9481.5,9585.5,9536.9,16552768325,1.76E+11
Bitcoin,BTC,25-07-2020,9704.6,9530.2,9539.5,9677.1,16610070933,1.78E+11
Bitcoin,BTC,26-07-2020,10023.8,9652.8,9680.2,9905.2,20507998997,1.83E+11
Bitcoin,BTC,27-07-2020,11298.2,9904,9905.2,10990.9,35359749590,2.03E+11
Bitcoin,BTC,28-07-2020,11204.3,10632.6,11017.5,10912.8,28766551142,2.01E+11
Bitcoin,BTC,29-07-2020,11304.4,10856.1,10913,11100.5,24617249715,2.05E+11
Bitcoin,BTC,30-07-2020,11169.4,10895.5,11099.8,11111.2,22857247901,2.05E+11
Bitcoin,BTC,31-07-2020,11415.9,10987.1,11110.2,11323.5,23160469766,2.09E+11
Bitcoin,BTC,01-08-2020,11794.8,11239.7,11322.6,11759.6,26075670303,2.17E+11
Bitcoin,BTC,02-08-2020,12034.1,11018.1,11758.8,11053.6,27410067336,2.04E+11
Bitcoin,BTC,03-08-2020,11453.1,11012.4,11043.8,11246.3,20271713443,2.08E+11
Bitcoin,BTC,04-08-2020,11385.4,11094.1,11246.2,11205.9,21250197042,2.07E+11
Bitcoin,BTC,05-08-2020,11786.6,11158.3,11203.8,11747,24411254471,2.17E+11
Bitcoin,BTC,06-08-2020,11902.3,11598.7,11749.9,11779.8,23400740340,2.17E+11
Bitcoin,BTC,07-08-2020,11898,11408.6,11778.9,11601.5,23132312867,2.14E+11
Bitcoin,BTC,08-08-2020,11800.1,11558.4,11604.6,11754,17572057837,2.17E+11
Bitcoin,BTC,09-08-2020,11806.1,11548.8,11737.3,11675.7,17489608833,2.15E+11
Bitcoin,BTC,10-08-2020,12045.1,11662.3,11662.3,11878.1,26114112569,2.19E+11
Bitcoin,BTC,11-08-2020,11932.7,11195.7,11881.6,11410.5,27039782640,2.11E+11
Bitcoin,BTC,12-08-2020,11748.4,11249.6,11404.6,11584.9,25064548487,2.14E+11
Bitcoin,BTC,13-08-2020,11796.4,11216.9,11588.4,11784.1,27522199497,2.18E+11
Bitcoin,BTC,14-08-2020,12151,11685.5,11772.7,11768.9,24237958589,2.17E+11
Bitcoin,BTC,15-08-2020,11963.2,11768.7,11768.7,11865.7,23354924400,2.19E+11
Bitcoin,BTC,16-08-2020,11934.9,11737.2,11866.7,11892.8,20583375490,2.20E+11
Bitcoin,BTC,17-08-2020,12359.1,11806.7,11895.7,12254.4,28227687027,2.26E+11
Bitcoin,BTC,18-08-2020,12335.7,11954.5,12251.9,11991.2,26043227672,2.21E+11
Bitcoin,BTC,19-08-2020,12028.9,11687.3,11990.9,11758.3,24502851117,2.17E+11
Bitcoin,BTC,20-08-2020,11900.4,11710.1,11761.5,11878.4,20175242945,2.19E+11
Bitcoin,BTC,21-08-2020,11899.3,11565,11878,11592.5,23762425999,2.14E+11
Bitcoin,BTC,22-08-2020,11689.4,11448.8,11585.5,11681.8,20224191306,2.16E+11
Bitcoin,BTC,23-08-2020,11713.4,11559.9,11679.7,11664.8,18482062658,2.15E+11
Bitcoin,BTC,24-08-2020,11807.6,11623.3,11663.7,11774.6,20681511755,2.17E+11
Bitcoin,BTC,25-08-2020,11778.3,11189.9,11773.6,11366.1,26301509932,2.10E+11
Bitcoin,BTC,26-08-2020,11530.1,11297,11366.9,11488.4,22466660958,2.12E+11
Bitcoin,BTC,27-08-2020,11570.8,11185.9,11485.6,11323.4,23240415076,2.09E+11
Bitcoin,BTC,28-08-2020,11545.6,11316.4,11325.3,11542.5,19807127588,2.13E+11
Bitcoin,BTC,29-08-2020,11585.6,11466.3,11541.1,11506.9,17485597759,2.13E+11
Bitcoin,BTC,30-08-2020,11715.3,11492.4,11508.7,11711.5,19760127945,2.16E+11
Bitcoin,BTC,31-08-2020,11768.9,11598.3,11713.3,11680.8,22285928250,2.16E+11
Bitcoin,BTC,01-09-2020,12067.1,11601.1,11679.3,11970.5,27311555343,2.21E+11
Bitcoin,BTC,02-09-2020,11964.8,11290.8,11964.8,11414,28037405299,2.11E+11
Bitcoin,BTC,03-09-2020,11443,10182.5,11407.2,10245.3,31927261555,1.89E+11
Bitcoin,BTC,04-09-2020,10663.9,10207.9,10230.4,10511.8,29965130374,1.94E+11
Bitcoin,BTC,05-09-2020,10581.6,9946.7,10512.5,10169.6,44916565292,1.88E+11
Bitcoin,BTC,06-09-2020,10353.9,10056.9,10167.2,10280.4,37071460175,1.90E+11
Bitcoin,BTC,07-09-2020,10399.2,9916.5,10281,10369.6,33703098409,1.92E+11
Bitcoin,BTC,08-09-2020,10414.8,9945.1,10369.3,10131.5,33430927462,1.87E+11
Bitcoin,BTC,09-09-2020,10350.5,10017.3,10134.2,10242.3,24128292755,1.89E+11
Bitcoin,BTC,10-09-2020,10503.9,10238.1,10242.3,10363.1,54406443211,1.92E+11
Bitcoin,BTC,11-09-2020,10434.9,10140.8,10369,10400.9,45201121775,1.92E+11
Bitcoin,BTC,12-09-2020,10578.8,10292.4,10409.9,10442.2,36750077324,1.93E+11
Bitcoin,BTC,13-09-2020,10577.2,10224.3,10452.4,10323.8,36506852789,1.91E+11
Bitcoin,BTC,14-09-2020,10800,10266,10328.7,10680.8,35453581940,1.97E+11
Bitcoin,BTC,15-09-2020,10938.6,10656.5,10677.8,10797,32509451925,2.00E+11
Bitcoin,BTC,16-09-2020,11100.1,10704.9,10797.8,10974.9,30769986455,2.03E+11
Bitcoin,BTC,17-09-2020,11037.4,10774.6,10973.3,10949,38151810523,2.02E+11
Bitcoin,BTC,18-09-2020,11034.9,10829.7,10951.8,10944.6,26341903912,2.02E+11
Bitcoin,BTC,19-09-2020,11134.1,10909.6,10933.8,11094.3,22764204008,2.05E+11
Bitcoin,BTC,20-09-2020,11095.9,10814.5,11095.9,10938.3,24699523788,2.02E+11
Bitcoin,BTC,21-09-2020,10988.3,10380.3,10934.9,10462.3,28884999244,1.94E+11
Bitcoin,BTC,22-09-2020,10568.1,10382.7,10459.6,10538.5,23621787804,1.95E+11
Bitcoin,BTC,23-09-2020,10537.8,10197.9,10535.5,10246.2,23788661867,1.90E+11
Bitcoin,BTC,24-09-2020,10771.1,10231.5,10248.8,10760.1,47144380902,1.99E+11
Bitcoin,BTC,25-09-2020,10777.7,10578.9,10761.1,10692.7,39348590957,1.98E+11
Bitcoin,BTC,26-09-2020,10773,10667.3,10695.6,10750.7,46852525493,1.99E+11
Bitcoin,BTC,27-09-2020,10804,10622.9,10746.9,10775.3,53745972818,1.99E+11
Bitcoin,BTC,28-09-2020,10945.3,10703.9,10776.6,10709.7,47762394731,1.98E+11
Bitcoin,BTC,29-09-2020,10860,10649.5,10709.7,10844.6,46582396602,2.01E+11
Bitcoin,BTC,30-09-2020,10847.3,10669.3,10843.9,10784.5,44171073700,2.00E+11
Bitcoin,BTC,01-10-2020,10933.6,10472.4,10795.3,10619.5,40023134100,1.97E+11
Bitcoin,BTC,02-10-2020,10657.8,10416.7,10619.8,10576,48661453918,1.96E+11
Bitcoin,BTC,03-10-2020,10598.9,10511.1,10575.1,10549.3,44660271563,1.95E+11
Bitcoin,BTC,04-10-2020,10686,10534.4,10550.4,10669.6,71251776995,1.97E+11
Bitcoin,BTC,05-10-2020,10793.5,10634.6,10676.5,10793.3,47537578009,2.00E+11
Bitcoin,BTC,06-10-2020,10797.6,10528.9,10796.3,10604.4,42623695307,1.96E+11
Bitcoin,BTC,07-10-2020,10680.5,10562.5,10603.4,10669,37799458436,1.97E+11
Bitcoin,BTC,08-10-2020,10945.7,10562.6,10669.4,10915.7,63314794397,2.02E+11
Bitcoin,BTC,09-10-2020,11102.7,10846.9,10927.9,11064.5,22799117613,2.05E+11
Bitcoin,BTC,10-10-2020,11442.2,11056.9,11059.1,11296.4,22877978588,2.09E+11
Bitcoin,BTC,11-10-2020,11428.8,11288.6,11296.1,11384.2,19968627060,2.11E+11
Bitcoin,BTC,12-10-2020,11698.5,11240.7,11392.6,11555.4,26163972642,2.14E+11
Bitcoin,BTC,13-10-2020,11549,11321.2,11548.7,11425.9,24241420251,2.12E+11
Bitcoin,BTC,14-10-2020,11540,11307.8,11429,11429.5,24103426719,2.12E+11
Bitcoin,BTC,15-10-2020,11569.9,11303.6,11426.6,11495.3,24487233058,2.13E+11
Bitcoin,BTC,16-10-2020,11540.1,11223,11502.8,11322.1,25635480772,2.10E+11
Bitcoin,BTC,17-10-2020,11386.3,11285.3,11322.1,11358.1,19130430174,2.10E+11
Bitcoin,BTC,18-10-2020,11483.4,11347.6,11356,11483.4,18283314340,2.13E+11
Bitcoin,BTC,19-10-2020,11799.1,11408.3,11495,11742,23860769928,2.17E+11
Bitcoin,BTC,20-10-2020,11999.9,11681.5,11746,11916.3,30915821592,2.21E+11
Bitcoin,BTC,21-10-2020,13184.6,11900.9,11913.1,12823.7,43414712626,2.38E+11
Bitcoin,BTC,22-10-2020,13161.6,12717.1,12801.6,12965.9,34729759598,2.40E+11
Bitcoin,BTC,23-10-2020,13016,12752.6,12971.5,12931.5,28974975003,2.40E+11
Bitcoin,BTC,24-10-2020,13145.1,12885.7,12931.6,13108.1,24542317940,2.43E+11
Bitcoin,BTC,25-10-2020,13329.2,12910.1,13108.1,13031.2,24406920575,2.41E+11
Bitcoin,BTC,26-10-2020,13225.3,12822.4,13031.2,13075.2,29461458313,2.42E+11
Bitcoin,BTC,27-10-2020,13759.7,13060.8,13075.2,13654.2,33749878156,2.53E+11
Bitcoin,BTC,28-10-2020,13837.7,12932.3,13654.2,13271.3,35867318895,2.46E+11
Bitcoin,BTC,29-10-2020,13612,12980.1,13271.3,13437.9,56499499598,2.49E+11
Bitcoin,BTC,30-10-2020,13651.5,13136.2,13437.9,13546.5,30581485201,2.51E+11
Bitcoin,BTC,31-10-2020,14028.2,13457.5,13546.5,13781,30306464719,2.55E+11
Bitcoin,BTC,01-11-2020,13862,13628.4,13781,13737.1,24453857900,2.55E+11
Bitcoin,BTC,02-11-2020,13808.3,13243.2,13737,13550.5,30771455468,2.51E+11
Bitcoin,BTC,03-11-2020,13985,13325.4,13550.5,13950.3,29869951617,2.59E+11
Bitcoin,BTC,04-11-2020,14218.8,13580.5,13950.5,14133.7,35116364962,2.62E+11
Bitcoin,BTC,05-11-2020,15706.4,14102.1,14133.7,15579.8,40856321439,2.89E+11
Bitcoin,BTC,06-11-2020,15903.4,15226.8,15579.7,15565.9,39837841971,2.89E+11
Bitcoin,BTC,07-11-2020,15737.1,14423.2,15565.9,14833.8,35024953706,2.75E+11
Bitcoin,BTC,08-11-2020,15637.3,14744.1,14833.8,15479.6,26632075029,2.87E+11
Bitcoin,BTC,09-11-2020,15785.1,14865.5,15479.6,15332.3,34149115566,2.84E+11
Bitcoin,BTC,10-11-2020,15450.3,15125,15332.4,15290.9,25574938143,2.83E+11
Bitcoin,BTC,11-11-2020,15916.3,15290,15290.9,15701.3,29772374934,2.91E+11
Bitcoin,BTC,12-11-2020,16305,15534.8,15701.3,16276.3,34175758344,3.02E+11
Bitcoin,BTC,13-11-2020,16463.2,15992.2,16276.4,16317.8,31599492172,3.03E+11
Bitcoin,BTC,14-11-2020,16317.8,15749.2,16317.8,16068.1,27481710135,2.98E+11
Bitcoin,BTC,15-11-2020,16123.1,15793.5,16068.1,15955.6,23653867583,2.96E+11
Bitcoin,BTC,16-11-2020,16816.2,15880.7,15955.6,16716.1,31526766675,3.10E+11
Bitcoin,BTC,17-11-2020,17782.9,16564.5,16685.7,17645.4,39006849170,3.27E+11
Bitcoin,BTC,18-11-2020,18393.9,17352.9,17645.2,17804,49064800278,3.30E+11
Bitcoin,BTC,19-11-2020,18119.5,17382.6,17803.9,17817.1,36985055355,3.30E+11
Bitcoin,BTC,20-11-2020,18773.2,17765.8,17817.1,18621.3,36992873940,3.45E+11
Bitcoin,BTC,21-11-2020,18936.6,18444.4,18621.3,18642.2,39650210707,3.46E+11
Bitcoin,BTC,22-11-2020,18689,17671.4,18642.2,18370,41280434226,3.41E+11
Bitcoin,BTC,23-11-2020,18711.4,18000.8,18370,18364.1,42741112308,3.41E+11
Bitcoin,BTC,24-11-2020,19348.3,18128.7,18365,19107.5,51469565009,3.55E+11
Bitcoin,BTC,25-11-2020,19391,18581.1,19104.4,18732.1,43710357372,3.48E+11
Bitcoin,BTC,26-11-2020,18866.3,16351,18729.8,17150.6,61396835737,3.18E+11
Bitcoin,BTC,27-11-2020,17445,16526.4,17153.9,17108.4,38886494645,3.17E+11
Bitcoin,BTC,28-11-2020,17853.9,16910.7,17112.9,17717.4,32601040734,3.29E+11
Bitcoin,BTC,29-11-2020,18283.6,17559.1,17719.6,18177.5,31133957704,3.37E+11
Bitcoin,BTC,30-11-2020,19749.3,18178.3,18178.3,19625.8,47728480399,3.64E+11
Bitcoin,BTC,01-12-2020,19846,18321.9,19633.8,18803,49633658712,3.49E+11
Bitcoin,BTC,02-12-2020,19308.3,18347.7,18801.7,19201.1,37387697139,3.56E+11
Bitcoin,BTC,03-12-2020,19566.2,18925.8,19205.9,19445.4,31930317405,3.61E+11
Bitcoin,BTC,04-12-2020,19511.4,18697.2,19447,18699.8,33872388058,3.47E+11
Bitcoin,BTC,05-12-2020,19160.4,18590.2,18698.4,19154.2,27242455064,3.56E+11
Bitcoin,BTC,06-12-2020,19390.5,18897.9,19154.2,19345.1,25293775714,3.59E+11
Bitcoin,BTC,07-12-2020,19411.8,18931.1,19343.1,19191.6,26896357742,3.56E+11
Bitcoin,BTC,08-12-2020,19283.5,18269.9,19191.5,18321.1,31692288756,3.40E+11
Bitcoin,BTC,09-12-2020,18626.3,17935.5,18320.9,18553.9,34420373071,3.44E+11
Bitcoin,BTC,10-12-2020,18553.3,17957.1,18553.3,18265,25547132266,3.39E+11
Bitcoin,BTC,11-12-2020,18268.5,17619.5,18263.9,18058.9,27919640985,3.35E+11
Bitcoin,BTC,12-12-2020,18919.6,18046,18051.3,18803.7,21752580802,3.49E+11
Bitcoin,BTC,13-12-2020,19381.5,18734.3,18806.8,19142.4,25450468637,3.55E+11
Bitcoin,BTC,14-12-2020,19305.1,19012.7,19144.5,19246.6,22473997681,3.57E+11
Bitcoin,BTC,15-12-2020,19525,19079.8,19246.9,19417.1,26741982542,3.61E+11
Bitcoin,BTC,16-12-2020,21458.9,19298.3,19418.8,21310.6,44409011479,3.96E+11
Bitcoin,BTC,17-12-2020,23642.7,21234.7,21308.4,22805.2,71378606374,4.24E+11
Bitcoin,BTC,18-12-2020,23238.6,22399.8,22806.8,23138,40387896275,4.30E+11
Bitcoin,BTC,19-12-2020,24085.9,22826.5,23132.9,23869.8,38487546580,4.43E+11
Bitcoin,BTC,20-12-2020,24209.7,23147.7,23861.8,23477.3,37844228422,4.36E+11
Bitcoin,BTC,21-12-2020,24060,22159.4,23474.5,22803.1,45852713981,4.24E+11
Bitcoin,BTC,22-12-2020,23789.9,22430.6,22794,23783,44171632681,4.42E+11
Bitcoin,BTC,23-12-2020,24024.5,22802.6,23782,23241.3,51146161904,4.32E+11
Bitcoin,BTC,24-12-2020,23768.3,22777.6,23240.2,23735.9,41080759713,4.41E+11
Bitcoin,BTC,25-12-2020,24710.1,23463.7,23733.6,24664.8,42068395846,4.58E+11
Bitcoin,BTC,26-12-2020,26718.1,24522.7,24677,26437,48332647295,4.91E+11
Bitcoin,BTC,27-12-2020,28288.8,25922.8,26439.4,26272.3,66479895605,4.88E+11
Bitcoin,BTC,28-12-2020,27389.1,26207.6,26280.8,27084.8,49056742893,5.03E+11
Bitcoin,BTC,29-12-2020,27370.7,25987.3,27081.8,27362.4,45265946774,5.09E+11
Bitcoin,BTC,30-12-2020,28937.7,27360.1,27360.1,28841,51287442704,5.36E+11
Bitcoin,BTC,31-12-2020,29244.9,28202,28841.6,29001.7,46754964848,5.39E+11
Bitcoin,BTC,01-01-2021,29600.6,28803.6,28994,29374.2,40730301359,5.46E+11
Bitcoin,BTC,02-01-2021,33155.1,29091.2,29376.5,32127.3,67865420766,5.97E+11
Bitcoin,BTC,03-01-2021,34608.6,32052.3,32129.4,32782,78665235202,6.09E+11
Bitcoin,BTC,04-01-2021,33440.2,28722.8,32810.9,31971.9,81163475344,5.94E+11
Bitcoin,BTC,05-01-2021,34437.6,30221.2,31977,33992.4,67547324782,6.32E+11
Bitcoin,BTC,06-01-2021,36879.7,33514,34013.6,36824.4,75289433811,6.85E+11
Bitcoin,BTC,07-01-2021,40180.4,36491.2,36833.9,39371,84762141032,7.32E+11
Bitcoin,BTC,08-01-2021,41946.7,36838.6,39381.8,40797.6,88107519480,7.59E+11
Bitcoin,BTC,09-01-2021,41436.4,38980.9,40788.6,40254.5,61984162837,7.49E+11
Bitcoin,BTC,10-01-2021,41420.2,35984.6,40254.2,38356.4,79980747690,7.13E+11
Bitcoin,BTC,11-01-2021,38346.5,30549.6,38346.5,35566.7,1.23E+11,6.61E+11
Bitcoin,BTC,12-01-2021,36568.5,32698,35516.4,33923,74773277910,6.31E+11
Bitcoin,BTC,13-01-2021,37600,32584.7,33915.1,37316.4,69364315979,6.94E+11
Bitcoin,BTC,14-01-2021,39966.4,36868.6,37325.1,39187.3,63615990033,7.29E+11
Bitcoin,BTC,15-01-2021,39577.7,34659.6,39156.7,36825.4,67760757881,6.85E+11
Bitcoin,BTC,16-01-2021,37864.4,35633.6,36821.6,36178.1,57706187875,6.73E+11
Bitcoin,BTC,17-01-2021,36722.3,34069.3,36163.6,35791.3,52359854336,6.66E+11
Bitcoin,BTC,18-01-2021,37299.3,34883.8,35792.2,36630.1,49511702429,6.81E+11
Bitcoin,BTC,19-01-2021,37755.9,36069.8,36642.2,36069.8,57244195486,6.71E+11
Bitcoin,BTC,20-01-2021,36378.3,33570.5,36050.1,35547.8,66834573161,6.61E+11
Bitcoin,BTC,21-01-2021,35552.7,30250.7,35549.4,30825.7,75643067688,5.74E+11
Bitcoin,BTC,22-01-2021,33811.9,28953.4,30817.6,33005.8,77207272511,6.14E+11
Bitcoin,BTC,23-01-2021,33361,31493.2,32985.8,32067.6,48354737975,5.97E+11
Bitcoin,BTC,24-01-2021,32944,31106.7,32064.4,32289.4,48643830599,6.01E+11
Bitcoin,BTC,25-01-2021,34802.7,32087.8,32285.8,32366.4,59897054838,6.02E+11
Bitcoin,BTC,26-01-2021,32794.5,31030.3,32358.6,32569.8,60255421470,6.06E+11
Bitcoin,BTC,27-01-2021,32564,29367.1,32564,30432.5,62576762016,5.66E+11
Bitcoin,BTC,28-01-2021,33858.3,30023.2,30441,33466.1,76517157706,6.23E+11
Bitcoin,BTC,29-01-2021,38406.3,32064.8,34318.7,34316.4,1.18E+11,6.39E+11
Bitcoin,BTC,30-01-2021,34834.7,32940.2,34295.9,34269.5,65141828798,6.38E+11
Bitcoin,BTC,31-01-2021,34288.3,32270.2,34270.9,33114.4,52754542671,6.16E+11
Bitcoin,BTC,01-02-2021,34638.2,32384.2,33114.6,33537.2,61400400660,6.24E+11
Bitcoin,BTC,02-02-2021,35896.9,33489.2,33533.2,35510.3,63088585433,6.61E+11
Bitcoin,BTC,03-02-2021,37480.2,35444,35510.8,37472.1,61166818159,6.98E+11
Bitcoin,BTC,04-02-2021,38592.2,36317.5,37475.1,36926.1,68838074392,6.88E+11
Bitcoin,BTC,05-02-2021,38225.9,36658.8,36931.5,38144.3,58598066402,7.10E+11
Bitcoin,BTC,06-02-2021,40846.5,38138.4,38138.4,39266,71326033653,7.31E+11
Bitcoin,BTC,07-02-2021,39621.8,37446.2,39250.2,38903.4,65500641143,7.24E+11
Bitcoin,BTC,08-02-2021,46203.9,38076.3,38886.8,46196.5,1.01E+11,8.60E+11
Bitcoin,BTC,09-02-2021,48003.7,45167,46185,46481.1,91809846886,8.66E+11
Bitcoin,BTC,10-02-2021,47145.6,43881.2,46469.8,44918.2,87301089896,8.37E+11
Bitcoin,BTC,11-02-2021,48463.5,44187.8,44898.7,47909.3,81388911810,8.92E+11
Bitcoin,BTC,12-02-2021,48745.7,46425,47877,47504.9,76555041196,8.85E+11
Bitcoin,BTC,13-02-2021,48047.7,46392.3,47491.2,47105.5,70250456155,8.77E+11
Bitcoin,BTC,14-02-2021,49487.6,47114.5,47114.5,48717.3,71248675228,9.08E+11
Bitcoin,BTC,15-02-2021,48875.6,46347.5,48696.5,47945.1,77069903166,8.93E+11
Bitcoin,BTC,16-02-2021,50341.1,47201.3,47944.5,49199.9,77049582886,9.17E+11
Bitcoin,BTC,17-02-2021,52533.9,49072.4,49207.3,52149,80820545404,9.72E+11
Bitcoin,BTC,18-02-2021,52474.1,51015.8,52141,51679.8,52054723579,9.63E+11
Bitcoin,BTC,19-02-2021,56113.7,50937.3,51676,55888.1,63495496918,1.04E+12
Bitcoin,BTC,20-02-2021,57505.2,54626.6,55887.3,56099.5,68145460026,1.05E+12
Bitcoin,BTC,21-02-2021,58330.6,55672.6,56068.6,57539.9,51897585191,1.07E+12
Bitcoin,BTC,22-02-2021,57533.4,48967.6,57532.7,54207.3,92052420332,1.01E+12
Bitcoin,BTC,23-02-2021,54204.9,45290.6,54204.9,48824.4,1.06E+11,9.10E+11
Bitcoin,BTC,24-02-2021,51290.1,47213.5,48835.1,49705.3,63695521388,9.26E+11
Bitcoin,BTC,25-02-2021,51949,47093.9,49709.1,47093.9,54506565949,8.78E+11
Bitcoin,BTC,26-02-2021,48370.8,44454.8,47180.5,46339.8,3.51E+11,8.64E+11
Bitcoin,BTC,27-02-2021,48253.3,45269,46344.8,46188.5,45910946382,8.61E+11
Bitcoin,BTC,28-02-2021,46716.4,43241.6,46194,45137.8,53443887451,8.41E+11
Bitcoin,BTC,01-03-2021,49784,45115.1,45159.5,49631.2,53891300112,9.25E+11
Bitcoin,BTC,02-03-2021,50127.5,47228.8,49612.1,48379,47530897720,9.02E+11
Bitcoin,BTC,03-03-2021,52535.1,48274.3,48415.8,50538.2,53220811975,9.42E+11
Bitcoin,BTC,04-03-2021,51735.1,47656.9,50522.3,48561.2,52343816680,9.05E+11
Bitcoin,BTC,05-03-2021,49396.4,46542.5,48527,48927.3,48625928883,9.12E+11
Bitcoin,BTC,06-03-2021,49147.2,47257.5,48899.2,48912.4,34363564661,9.12E+11
Bitcoin,BTC,07-03-2021,51384.4,48918.7,48918.7,51206.7,43137459378,9.55E+11
Bitcoin,BTC,08-03-2021,52314.1,49506.1,51174.1,52246.5,48597428048,9.74E+11
Bitcoin,BTC,09-03-2021,54824.1,51981.8,52273,54824.1,50912227385,1.02E+12
Bitcoin,BTC,10-03-2021,57258.3,53290.9,54824,56008.5,57295577614,1.04E+12
Bitcoin,BTC,11-03-2021,58091.1,54484.6,55963.2,57805.1,56772343595,1.08E+12
Bitcoin,BTC,12-03-2021,57996.6,55376.7,57821.2,57332.1,55689944702,1.07E+12
Bitcoin,BTC,13-03-2021,61683.9,56218,57343.4,61243.1,60669829814,1.14E+12
Bitcoin,BTC,14-03-2021,61597.9,59302.3,61221.1,59302.3,43901225564,1.11E+12
Bitcoin,BTC,15-03-2021,60541,55393.2,59267.4,55907.2,66419369890,1.04E+12
Bitcoin,BTC,16-03-2021,56833.2,53555,55840.8,56804.9,59749798599,1.06E+12
Bitcoin,BTC,17-03-2021,58969.8,54528.6,56825.8,58870.9,60258313191,1.10E+12
Bitcoin,BTC,18-03-2021,60116.2,54253.6,58893.1,57858.9,55746041000,1.08E+12
Bitcoin,BTC,19-03-2021,59498.4,56643.7,57850.4,58346.7,49063873786,1.09E+12
Bitcoin,BTC,20-03-2021,60031.3,58213.3,58332.3,58313.6,50361731222,1.09E+12
Bitcoin,BTC,21-03-2021,58767.9,56005.6,58309.9,57523.4,51943414539,1.07E+12
Bitcoin,BTC,22-03-2021,58471.5,54288.2,57517.9,54529.1,56521454974,1.02E+12
Bitcoin,BTC,23-03-2021,55985.4,53470.7,54511.7,54738.9,56435023914,1.02E+12
Bitcoin,BTC,24-03-2021,57262.4,52514.3,54710.5,52774.3,70567223787,9.85E+11
Bitcoin,BTC,25-03-2021,53392.4,50856.6,52726.7,51704.2,67999812841,9.65E+11
Bitcoin,BTC,26-03-2021,55137.3,51579.9,51683,55137.3,56652197978,1.03E+12
Bitcoin,BTC,27-03-2021,56568.2,54242.9,55137.6,55973.5,47266542233,1.04E+12
Bitcoin,BTC,28-03-2021,56610.3,55071.1,55974.9,55950.7,47686580918,1.04E+12
Bitcoin,BTC,29-03-2021,58342.1,55139.3,55947.9,57750.2,57625587027,1.08E+12
Bitcoin,BTC,30-03-2021,59447.2,57251.6,57750.1,58917.7,54414116432,1.10E+12
Bitcoin,BTC,31-03-2021,59930,57726.4,58930.3,58918.8,65520826225,1.10E+12
Bitcoin,BTC,01-04-2021,59586.1,58505.3,58926.6,59095.8,61669163792,1.10E+12
Bitcoin,BTC,02-04-2021,60267.2,58869.3,59098.9,59384.3,58727860620,1.11E+12
Bitcoin,BTC,03-04-2021,60110.3,57603.9,59397.4,57603.9,59641344484,1.08E+12
Bitcoin,BTC,04-04-2021,58913.7,57168.7,57604.8,58758.6,50749662970,1.10E+12
Bitcoin,BTC,05-04-2021,59891.3,57694.8,58760.9,59057.9,60706272115,1.10E+12
Bitcoin,BTC,06-04-2021,59479.6,57646.8,59171.9,58192.4,66058027988,1.09E+12
Bitcoin,BTC,07-04-2021,58731.1,55604,58186.5,56048.9,75645303584,1.05E+12
Bitcoin,BTC,08-04-2021,58338.7,55879.1,56099.9,58324,53053855641,1.09E+12
Bitcoin,BTC,09-04-2021,58937,57807.9,58326.6,58245,46655208546,1.09E+12
Bitcoin,BTC,10-04-2021,61276.7,58038.7,58253.8,59793.2,58238470525,1.12E+12
Bitcoin,BTC,11-04-2021,60790.6,59289.8,59846.2,60205,46280252580,1.12E+12
Bitcoin,BTC,12-04-2021,61253,59589.9,60175.9,59893.5,51828688520,1.12E+12
Bitcoin,BTC,13-04-2021,63742.3,59870,59890,63503.5,69983454362,1.19E+12
Bitcoin,BTC,14-04-2021,64863.1,61554.8,63523.8,63109.7,77451779687,1.18E+12
Bitcoin,BTC,15-04-2021,63821.7,62209,63075.2,63314,60954381579,1.18E+12
Bitcoin,BTC,16-04-2021,63594.7,60222.5,63258.5,61572.8,84293007468,1.15E+12
Bitcoin,BTC,17-04-2021,62572.2,60361.4,61529.9,60683.8,66138759198,1.13E+12
Bitcoin,BTC,18-04-2021,61057.5,52829.5,60701.9,56216.2,97468872758,1.05E+12
Bitcoin,BTC,19-04-2021,57520.1,54368.6,56191.6,55724.3,65344865159,1.04E+12
Bitcoin,BTC,20-04-2021,57062.2,53448,55681.8,56473,67849323955,1.06E+12
Bitcoin,BTC,21-04-2021,56758,53695.5,56471.1,53906.1,54926612466,1.01E+12
Bitcoin,BTC,22-04-2021,55410.2,50583.8,53857.1,51762.3,74798630778,9.67E+11
Bitcoin,BTC,23-04-2021,52120.8,47714.7,51739.8,51093.7,86668667320,9.55E+11
Bitcoin,BTC,24-04-2021,51167.6,48805.3,51143.2,50050.9,49014494781,9.35E+11
Bitcoin,BTC,25-04-2021,50506,47159.5,50052.8,49004.3,46117114240,9.16E+11
Bitcoin,BTC,26-04-2021,54288,48852.8,49077.8,54021.8,58284039825,1.01E+12
Bitcoin,BTC,27-04-2021,55417,53319.2,54030.3,55033.1,49448222757,1.03E+12
Bitcoin,BTC,28-04-2021,56227.2,53887.9,55036.6,54824.7,48000572955,1.02E+12
Bitcoin,BTC,29-04-2021,55115.8,52418,54858.1,53555.1,46088929780,1.00E+12
Bitcoin,BTC,30-04-2021,57900.7,53129.6,53568.7,57750.2,52395931985,1.08E+12
Bitcoin,BTC,01-05-2021,58448.3,57052.3,57714.7,57828.1,42836427360,1.08E+12
Bitcoin,BTC,02-05-2021,57902.6,56141.9,57825.9,56631.1,38177405335,1.06E+12
Bitcoin,BTC,03-05-2021,58973.3,56590.9,56620.3,57200.3,51713139031,1.07E+12
Bitcoin,BTC,04-05-2021,57214.2,53191.4,57214.2,53333.5,68564706967,9.97E+11
Bitcoin,BTC,05-05-2021,57911.4,52969.1,53252.2,57424,69241316747,1.07E+12
Bitcoin,BTC,06-05-2021,58363.3,55382.5,57441.3,56396.5,69523285106,1.05E+12
Bitcoin,BTC,07-05-2021,58606.6,55321.8,56414,57356.4,68434023376,1.07E+12
Bitcoin,BTC,08-05-2021,59464.6,56975.2,57352.8,58803.8,65382980634,1.10E+12
Bitcoin,BTC,09-05-2021,59210.9,56482,58877.4,58232.3,65906690347,1.09E+12
Bitcoin,BTC,10-05-2021,59519.4,54071.5,58250.9,55859.8,71776546298,1.04E+12
Bitcoin,BTC,11-05-2021,56872.5,54608.7,55847.2,56704.6,61308396325,1.06E+12
Bitcoin,BTC,12-05-2021,57939.4,49150.5,56714.5,49150.5,75215403907,9.20E+11
Bitcoin,BTC,13-05-2021,51330.8,46980,49735.4,49716.2,96721152926,9.30E+11
Bitcoin,BTC,14-05-2021,51438.1,48868.6,49683,49880.5,55737497453,9.33E+11
Bitcoin,BTC,15-05-2021,50639.7,46664.1,49855.5,46760.2,59161047474,8.75E+11
Bitcoin,BTC,16-05-2021,49720,43963.4,46716.6,46456.1,64047871555,8.69E+11
Bitcoin,BTC,17-05-2021,46623.6,42207.3,46415.9,43537.5,74903638450,8.15E+11
Bitcoin,BTC,18-05-2021,45812.5,42367.8,43488.1,42909.4,56187365084,8.03E+11
Bitcoin,BTC,19-05-2021,43546.1,30681.5,42945,37002.4,1.26E+11,6.92E+11
Bitcoin,BTC,20-05-2021,42463,35050.6,36753.7,40782.7,88281943359,7.63E+11
Bitcoin,BTC,21-05-2021,42172.2,33616.5,40596.9,37304.7,82051616861,6.98E+11
Bitcoin,BTC,22-05-2021,38831.1,35383.7,37371,37536.6,57377273240,7.02E+11
Bitcoin,BTC,23-05-2021,38289.2,31227.3,37531.4,34770.6,78469274361,6.51E+11
Bitcoin,BTC,24-05-2021,39835.1,34551.1,34700.4,38706,67359584098,7.24E+11
Bitcoin,BTC,25-05-2021,39776.3,36581.4,38795.8,38402.2,56211915803,7.19E+11
Bitcoin,BTC,26-05-2021,40782.1,37905.8,38392.6,39294.2,51346735160,7.36E+11
Bitcoin,BTC,27-05-2021,40379.6,37247.9,39316.9,38437,43210968721,7.20E+11
Bitcoin,BTC,28-05-2021,38857,34779,38507.1,35697.6,55200191952,6.68E+11
Bitcoin,BTC,29-05-2021,37234.5,33693.9,35684.2,34616.1,45231013335,6.48E+11
Bitcoin,BTC,30-05-2021,36400.7,33520.7,34607.4,35678.1,31646080921,6.68E+11
Bitcoin,BTC,31-05-2021,37468.2,34241.9,35658.6,37332.9,39009847639,6.99E+11
Bitcoin,BTC,01-06-2021,37896.7,35787.1,37293.8,36684.9,34639423297,6.87E+11
Bitcoin,BTC,02-06-2021,38231.3,35966.3,36699.9,37575.2,33070867190,7.04E+11
Bitcoin,BTC,03-06-2021,39479,37244,37599.4,39208.8,35460750427,7.34E+11
Bitcoin,BTC,04-06-2021,39242.5,35717.7,39242.5,36894.4,41831090187,6.91E+11
Bitcoin,BTC,05-06-2021,37917.7,34900.4,36880.2,35552,35959473399,6.66E+11
Bitcoin,BTC,06-06-2021,36436.4,35304.6,35538.6,35862.4,28913440585,6.72E+11
Bitcoin,BTC,07-06-2021,36790.6,33480.6,35835.3,33560.7,33683936663,6.29E+11
Bitcoin,BTC,08-06-2021,34017.4,31114.4,33589.5,33472.6,49902050442,6.27E+11
Bitcoin,BTC,09-06-2021,37537.4,32475.9,33417,37345.1,53972919008,7.00E+11
Bitcoin,BTC,10-06-2021,38334.3,35847.6,37389.5,36702.6,43576032854,6.88E+11
Bitcoin,BTC,11-06-2021,37608.7,36044.4,36697,37334.4,38699736985,6.99E+11
Bitcoin,BTC,12-06-2021,37408.9,34728.2,37340.1,35552.5,37924228550,6.66E+11
Bitcoin,BTC,13-06-2021,39322.8,34864.1,35555.8,39097.9,40669112838,7.32E+11
Bitcoin,BTC,14-06-2021,40978.4,38757.3,39017,40218.5,43148914673,7.53E+11
Bitcoin,BTC,15-06-2021,41295.3,39609.5,40427.2,40406.3,46420149185,7.57E+11
Bitcoin,BTC,16-06-2021,40516.8,38176,40168.7,38347.1,39211635100,7.18E+11
Bitcoin,BTC,17-06-2021,39513.7,37439.7,38341.4,38053.5,37096670047,7.13E+11
Bitcoin,BTC,18-06-2021,38187.3,35255.9,38099.5,35787.2,36200887275,6.71E+11
Bitcoin,BTC,19-06-2021,36457.8,34933.1,35854.5,35615.9,31207279719,6.67E+11
Bitcoin,BTC,20-06-2021,36059.5,33432.1,35563.1,35698.3,36664034054,6.69E+11
Bitcoin,BTC,21-06-2021,35721.6,31295.9,35641.1,31676.7,52809038594,5.94E+11
Bitcoin,BTC,22-06-2021,33292.5,28893.6,31622.4,32505.7,58964353058,6.09E+11
Bitcoin,BTC,23-06-2021,34753.4,31772.6,32515.7,33723,46317108925,6.32E+11
Bitcoin,BTC,24-06-2021,35228.9,32385.2,33682.8,34662.4,33123368116,6.50E+11
Bitcoin,BTC,25-06-2021,35487.2,31350.9,34659.1,31637.8,40230904226,5.93E+11
Bitcoin,BTC,26-06-2021,32637.6,30184.5,31594.7,32186.3,38585385521,6.03E+11
Bitcoin,BTC,27-06-2021,34656.1,32071.8,32287.5,34649.6,35511640894,6.49E+11
Bitcoin,BTC,28-06-2021,35219.9,33902.1,34679.1,34434.3,33892523752,6.45E+11
Bitcoin,BTC,29-06-2021,36542.1,34252.5,34475.6,35867.8,37901460044,6.72E+11
Bitcoin,BTC,30-06-2021,36074.8,34086.2,35908.4,35040.8,34059036099,6.57E+11
Bitcoin,BTC,01-07-2021,35036,32883.8,35036,33572.1,37838957079,6.29E+11
Bitcoin,BTC,02-07-2021,33939.6,32770.7,33549.6,33897,38728974942,6.35E+11
Bitcoin,BTC,03-07-2021,34909.3,33402.7,33854.4,34668.5,24383958643,6.50E+11
Bitcoin,BTC,04-07-2021,35937.6,34396.5,34665.6,35287.8,24924307911,6.62E+11
Bitcoin,BTC,05-07-2021,35284.3,33213.7,35284.3,33746,26721554282,6.33E+11
Bitcoin,BTC,06-07-2021,35038.5,33599.9,33723.5,34235.2,26501259870,6.42E+11
